datetime,Power demand,temp,dwpt,rhum,wdir,wspd,pres,year,month,day,hour,minute,moving_avg_3,weekday,lag_24,lag_288,rolling_mean_12
2024-12-04 21:30:00,4091.91,18.0,7.1,49.0,260.0,6.0,1016.0,2024,12,4,21,30,4075.450000000005,2,4392.94,3195.72,4393.380833333334
2024-12-04 21:35:00,4098.63,18.0,7.1,49.0,260.0,6.0,1016.0,2024,12,4,21,35,4084.776666666672,2,4370.64,3172.84,4391.882500000001
2024-12-04 21:40:00,4114.62,18.0,7.1,49.0,260.0,6.0,1016.0,2024,12,4,21,40,4101.720000000005,2,4347.73,3147.81,4389.76
2024-12-04 21:45:00,4128.77,18.0,7.1,49.0,260.0,6.0,1016.0,2024,12,4,21,45,4114.006666666672,2,4375.64,3070.97,4387.162499999999
2024-12-04 21:50:00,4138.93,18.0,7.1,49.0,260.0,6.0,1016.0,2024,12,4,21,50,4127.440000000005,2,4307.08,3078.6,4379.6575
2024-12-04 21:55:00,4142.68,18.0,7.1,49.0,260.0,6.0,1016.0,2024,12,4,21,55,4136.7933333333385,2,4283.9,3050.22,4370.721666666667
2024-12-04 22:00:00,4142.28,18.0,7.1,49.0,260.0,6.0,1016.0,2024,12,4,22,0,4141.296666666672,2,4244.62,3055.18,4358.970833333333
2024-12-04 22:05:00,4125.33,18.0,7.1,49.0,260.0,6.0,1016.0,2024,12,4,22,5,4136.763333333339,2,4208.01,3029.95,4346.009166666667
2024-12-04 22:10:00,4167.85,18.0,7.1,49.0,260.0,6.0,1016.0,2024,12,4,22,10,4145.153333333338,2,4199.71,2971.03,4329.8741666666665
2024-12-04 22:15:00,4167.21,18.0,7.1,49.0,260.0,6.0,1016.0,2024,12,4,22,15,4153.463333333339,2,4182.92,2958.23,4310.053333333333
2024-12-04 22:20:00,4167.25,18.0,7.1,49.0,260.0,6.0,1016.0,2024,12,4,22,20,4167.436666666672,2,4191.49,2938.61,4291.453333333334
2024-12-04 22:25:00,4170.91,18.0,7.1,49.0,260.0,6.0,1016.0,2024,12,4,22,25,4168.4566666666715,2,4183.74,2898.21,4274.035
2024-12-04 22:30:00,4213.31,17.0,7.1,52.0,260.0,7.0,1015.0,2024,12,4,22,30,4183.823333333338,2,4138.9,2820.87,4252.865
2024-12-04 22:35:00,4177.16,17.0,7.1,52.0,260.0,7.0,1015.0,2024,12,4,22,35,4187.126666666672,2,4109.92,2803.6,4231.138333333333
2024-12-04 22:40:00,4187.93,17.0,7.1,52.0,260.0,7.0,1015.0,2024,12,4,22,40,4192.800000000006,2,4151.06,2835.21,4214.7491666666665
2024-12-04 22:45:00,4214.76,17.0,7.1,52.0,260.0,7.0,1015.0,2024,12,4,22,45,4193.283333333337,2,4149.62,2815.24,4195.9141666666665
2024-12-04 22:50:00,4166.35,17.0,7.1,52.0,260.0,7.0,1015.0,2024,12,4,22,50,4189.680000000005,2,4126.92,2821.01,4180.900833333333
2024-12-04 22:55:00,4218.73,17.0,7.1,52.0,260.0,7.0,1015.0,2024,12,4,22,55,4199.946666666671,2,4126.14,2805.38,4167.754166666667
2024-12-04 23:00:00,4229.61,17.0,7.1,52.0,260.0,7.0,1015.0,2024,12,4,23,0,4204.896666666672,2,4086.05,2770.06,4154.54
2024-12-04 23:05:00,4205.18,17.0,7.1,52.0,260.0,7.0,1015.0,2024,12,4,23,5,4217.840000000005,2,4063.29,2759.22,4142.4800000000005
2024-12-04 23:10:00,4181.33,17.0,7.1,52.0,260.0,7.0,1015.0,2024,12,4,23,10,4205.373333333338,2,4067.83,2767.32,4131.490000000001
2024-12-04 23:15:00,4185.48,17.0,7.1,52.0,260.0,7.0,1015.0,2024,12,4,23,15,4190.663333333338,2,4094.97,2712.4,4124.160833333333
2024-12-04 23:20:00,4173.76,17.0,7.1,52.0,260.0,7.0,1015.0,2024,12,4,23,20,4180.190000000005,2,4070.65,2685.75,4114.090833333333
2024-12-04 23:25:00,4167.55,17.0,7.1,52.0,260.0,7.0,1015.0,2024,12,4,23,25,4175.596666666672,2,4063.79,2680.28,4104.095
2024-12-04 23:30:00,4175.72,17.0,7.1,52.0,250.0,7.0,1015.0,2024,12,4,23,30,4172.343333333339,2,4091.91,2606.91,4100.179166666667
2024-12-04 23:35:00,4165.42,17.0,7.1,52.0,250.0,7.0,1015.0,2024,12,4,23,35,4169.563333333338,2,4098.63,2596.73,4099.238333333334
2024-12-04 23:40:00,4129.88,17.0,7.1,52.0,250.0,7.0,1015.0,2024,12,4,23,40,4157.006666666672,2,4114.62,2593.68,4096.201666666667
2024-12-04 23:45:00,4129.7,17.0,7.1,52.0,250.0,7.0,1015.0,2024,12,4,23,45,4141.6666666666715,2,4128.77,2592.24,4094.4641666666666
2024-12-04 23:50:00,4115.58,17.0,7.1,52.0,250.0,7.0,1015.0,2024,12,4,23,50,4125.053333333338,2,4138.93,2578.77,4095.465
2024-12-05 00:00:00,5752.7,17.0,7.1,52.0,250.0,7.0,1015.0,2024,12,5,0,0,4665.993333333338,3,4142.68,2546.48,4096.843333333333
2024-12-05 00:05:00,5716.7,17.0,7.1,52.0,250.0,7.0,1015.0,2024,12,5,0,5,5194.993333333338,3,4142.28,3863.88,4101.529166666666
2024-12-05 00:10:00,5702.8,17.0,7.1,52.0,250.0,7.0,1015.0,2024,12,5,0,10,5724.066666666672,3,4125.33,3820.65,4106.699166666666
2024-12-05 00:15:00,5681.01,17.0,7.1,52.0,250.0,7.0,1015.0,2024,12,5,0,15,5700.170000000005,3,4167.85,3823.8,4115.034166666666
2024-12-05 00:20:00,5662.38,17.0,7.1,52.0,250.0,7.0,1015.0,2024,12,5,0,20,5682.063333333339,3,4167.21,3814.8,4121.054166666667
2024-12-05 00:25:00,5632.83,17.0,7.1,52.0,250.0,7.0,1015.0,2024,12,5,0,25,5658.740000000005,3,4167.25,3783.09,4129.104166666667
2024-12-05 00:30:00,5597.95,15.0,6.0,55.0,260.0,11.0,1015.0,2024,12,5,0,30,5631.053333333338,3,4170.91,3775.42,4138.030833333333
2024-12-05 00:35:00,5569.47,15.0,6.0,55.0,260.0,11.0,1015.0,2024,12,5,0,35,5600.0833333333385,3,4213.31,3759.32,4148.1475
2024-12-05 00:40:00,5553.03,15.0,6.0,55.0,260.0,11.0,1015.0,2024,12,5,0,40,5573.483333333338,3,4177.16,3740.48,4154.691666666667
2024-12-05 00:45:00,5543.47,15.0,6.0,55.0,260.0,11.0,1015.0,2024,12,5,0,45,5555.323333333338,3,4187.93,3724.99,4160.800833333334
2024-12-05 00:50:00,5522.54,15.0,6.0,55.0,260.0,11.0,1015.0,2024,12,5,0,50,5539.680000000005,3,4214.76,3687.44,4167.966666666667
2024-12-05 00:55:00,5516.93,15.0,6.0,55.0,260.0,11.0,1015.0,2024,12,5,0,55,5527.646666666672,3,4166.35,3678.7,4170.251666666667
2024-12-05 01:00:00,5486.4,15.0,6.0,55.0,260.0,11.0,1015.0,2024,12,5,1,0,5508.6233333333375,3,4218.73,3673.35,4176.589166666667
2024-12-05 01:05:00,5462.59,15.0,6.0,55.0,260.0,11.0,1015.0,2024,12,5,1,5,5488.640000000004,3,4229.61,3641.98,4183.866666666667
2024-12-05 01:10:00,5446.59,15.0,6.0,55.0,260.0,11.0,1015.0,2024,12,5,1,10,5465.193333333337,3,4205.18,3617.08,4190.520833333333
2024-12-05 01:15:00,5423.88,15.0,6.0,55.0,260.0,11.0,1015.0,2024,12,5,1,15,5444.353333333339,3,4181.33,3606.64,4191.644166666667
2024-12-05 01:20:00,5397.52,15.0,6.0,55.0,260.0,11.0,1015.0,2024,12,5,1,20,5422.663333333338,3,4185.48,3592.78,4193.166666666667
2024-12-05 01:25:00,5372.07,15.0,6.0,55.0,260.0,11.0,1015.0,2024,12,5,1,25,5397.823333333338,3,4173.76,3573.06,4193.7091666666665
2024-12-05 01:30:00,5335.39,14.0,6.1,59.0,240.0,6.0,1015.0,2024,12,5,1,30,5368.326666666671,3,4167.55,3563.92,4193.429166666667
2024-12-05 01:35:00,5322.07,14.0,6.1,59.0,240.0,6.0,1015.0,2024,12,5,1,35,5343.176666666671,3,4175.72,3543.45,4190.296666666667
2024-12-05 01:40:00,5302.18,14.0,6.1,59.0,240.0,6.0,1015.0,2024,12,5,1,40,5319.880000000005,3,4165.42,3526.25,4189.318333333334
2024-12-05 01:45:00,5272.71,14.0,6.1,59.0,240.0,6.0,1015.0,2024,12,5,1,45,5298.986666666672,3,4129.88,3517.53,4184.480833333333
2024-12-05 01:50:00,5254.94,14.0,6.1,59.0,240.0,6.0,1015.0,2024,12,5,1,50,5276.610000000004,3,4129.7,3500.34,4177.3925
2024-12-05 01:55:00,5243.51,14.0,6.1,59.0,240.0,6.0,1015.0,2024,12,5,1,55,5257.053333333338,3,4115.58,3487.7,4173.161666666666
2024-12-05 02:00:00,5214.66,14.0,6.1,59.0,240.0,6.0,1015.0,2024,12,5,2,0,5237.703333333338,3,5752.7,3476.25,4300.9925
2024-12-05 02:05:00,5187.39,14.0,6.1,59.0,240.0,6.0,1015.0,2024,12,5,2,5,5215.186666666672,3,5716.7,3454.56,4424.916666666667
2024-12-05 02:10:00,5158.44,14.0,6.1,59.0,240.0,6.0,1015.0,2024,12,5,2,10,5186.8300000000045,3,5702.8,3434.61,4549.718333333333
2024-12-05 02:15:00,5126.58,14.0,6.1,59.0,240.0,6.0,1015.0,2024,12,5,2,15,5157.470000000005,3,5681.01,3426.52,4674.691666666667
2024-12-05 02:20:00,5107.33,14.0,6.1,59.0,240.0,6.0,1015.0,2024,12,5,2,20,5130.783333333337,3,5662.38,3413.6,4797.766666666667
2024-12-05 02:25:00,5100.42,14.0,6.1,59.0,240.0,6.0,1015.0,2024,12,5,2,25,5111.443333333339,3,5632.83,3400.45,4919.355833333334
2024-12-05 02:30:00,5079.69,14.0,6.1,59.0,220.0,6.0,1015.0,2024,12,5,2,30,5095.813333333338,3,5597.95,3391.69,5038.555833333333
2024-12-05 02:35:00,5046.58,14.0,6.1,59.0,220.0,6.0,1015.0,2024,12,5,2,35,5075.563333333338,3,5569.47,3376.43,5154.701666666667
2024-12-05 02:40:00,5030.14,14.0,6.1,59.0,220.0,6.0,1015.0,2024,12,5,2,40,5052.136666666672,3,5553.03,3362.38,5270.3358333333335
2024-12-05 02:45:00,5009.83,14.0,6.1,59.0,220.0,6.0,1015.0,2024,12,5,2,45,5028.850000000005,3,5543.47,3353.1,5388.135
2024-12-05 02:50:00,4986.12,14.0,6.1,59.0,220.0,6.0,1015.0,2024,12,5,2,50,5008.696666666671,3,5522.54,3356.22,5504.204999999999
2024-12-05 02:55:00,4962.08,14.0,6.1,59.0,220.0,6.0,1015.0,2024,12,5,2,55,4986.010000000005,3,5516.93,3347.5,5620.984166666666
2024-12-05 03:00:00,4946.86,14.0,6.1,59.0,220.0,6.0,1015.0,2024,12,5,3,0,4965.020000000005,3,5486.4,3338.51,5598.7925
2024-12-05 03:05:00,4920.4,14.0,6.1,59.0,220.0,6.0,1015.0,2024,12,5,3,5,4943.113333333338,3,5462.59,3321.78,5577.616666666666
2024-12-05 03:10:00,4905.48,14.0,6.1,59.0,220.0,6.0,1015.0,2024,12,5,3,10,4924.2466666666705,3,5446.59,3310.42,5556.265833333334
2024-12-05 03:15:00,4887.54,14.0,6.1,59.0,220.0,6.0,1015.0,2024,12,5,3,15,4904.473333333338,3,5423.88,3301.08,5534.838333333333
2024-12-05 03:20:00,4868.52,14.0,6.1,59.0,220.0,6.0,1015.0,2024,12,5,3,20,4887.180000000005,3,5397.52,3281.86,5512.766666666666
2024-12-05 03:25:00,4862.26,14.0,6.1,59.0,220.0,6.0,1015.0,2024,12,5,3,25,4872.773333333339,3,5372.07,3281.68,5491.036666666667
2024-12-05 03:30:00,4832.73,12.0,6.1,67.0,230.0,6.0,1014.0,2024,12,5,3,30,4854.503333333339,3,5335.39,3264.64,5469.156666666667
2024-12-05 03:35:00,4818.95,12.0,6.1,67.0,230.0,6.0,1014.0,2024,12,5,3,35,4837.980000000004,3,5322.07,3261.89,5448.54
2024-12-05 03:40:00,4805.37,12.0,6.1,67.0,230.0,6.0,1014.0,2024,12,5,3,40,4819.016666666671,3,5302.18,3257.87,5427.635833333334
2024-12-05 03:45:00,4786.39,12.0,6.1,67.0,230.0,6.0,1014.0,2024,12,5,3,45,4803.570000000004,3,5272.71,3240.31,5405.0725
2024-12-05 03:50:00,4774.74,12.0,6.1,67.0,230.0,6.0,1014.0,2024,12,5,3,50,4788.8333333333385,3,5254.94,3245.11,5382.7725
2024-12-05 03:55:00,4747.99,12.0,6.1,67.0,230.0,6.0,1014.0,2024,12,5,3,55,4769.7066666666715,3,5243.51,3227.74,5359.9875
2024-12-05 04:00:00,4729.84,12.0,6.1,67.0,230.0,6.0,1014.0,2024,12,5,4,0,4750.856666666671,3,5214.66,3229.37,5337.3425
2024-12-05 04:05:00,4705.68,12.0,6.1,67.0,230.0,6.0,1014.0,2024,12,5,4,5,4727.836666666671,3,5187.39,3224.85,5314.409166666667
2024-12-05 04:10:00,4692.21,12.0,6.1,67.0,230.0,6.0,1014.0,2024,12,5,4,10,4709.243333333338,3,5158.44,3218.6,5290.3966666666665
2024-12-05 04:15:00,4663.05,12.0,6.1,67.0,230.0,6.0,1014.0,2024,12,5,4,15,4686.980000000004,3,5126.58,3214.39,5265.621666666667
2024-12-05 04:20:00,4646.99,12.0,6.1,67.0,230.0,6.0,1014.0,2024,12,5,4,20,4667.4166666666715,3,5107.33,3216.96,5241.439166666667
2024-12-05 04:25:00,4648.66,12.0,6.1,67.0,230.0,6.0,1014.0,2024,12,5,4,25,4652.900000000005,3,5100.42,3224.53,5218.801666666667
2024-12-05 04:30:00,4638.73,11.0,5.1,67.0,220.0,4.0,1014.0,2024,12,5,4,30,4644.7933333333385,3,5079.69,3223.87,5197.493333333333
2024-12-05 04:35:00,4619.06,11.0,5.1,67.0,220.0,4.0,1014.0,2024,12,5,4,35,4635.483333333338,3,5046.58,3241.21,5174.535833333333
2024-12-05 04:40:00,4611.66,11.0,5.1,67.0,220.0,4.0,1014.0,2024,12,5,4,40,4623.150000000005,3,5030.14,3243.45,5151.865833333333
2024-12-05 04:45:00,4583.24,11.0,5.1,67.0,220.0,4.0,1014.0,2024,12,5,4,45,4604.653333333338,3,5009.83,3228.68,5129.9591666666665
2024-12-05 04:50:00,4575.67,11.0,5.1,67.0,220.0,4.0,1014.0,2024,12,5,4,50,4590.190000000005,3,4986.12,3234.18,5107.5575
2024-12-05 04:55:00,4558.72,11.0,5.1,67.0,220.0,4.0,1014.0,2024,12,5,4,55,4572.5433333333385,3,4962.08,3246.0,5084.1050000000005
2024-12-05 05:00:00,4538.34,11.0,5.1,67.0,220.0,4.0,1014.0,2024,12,5,5,0,4557.576666666671,3,4946.86,3254.13,5061.788333333334
2024-12-05 05:05:00,4529.53,11.0,5.1,67.0,220.0,4.0,1014.0,2024,12,5,5,5,4542.196666666671,3,4920.4,3268.61,5039.5391666666665
2024-12-05 05:10:00,4503.2,11.0,5.1,67.0,220.0,4.0,1014.0,2024,12,5,5,10,4523.690000000005,3,4905.48,3275.02,5018.4591666666665
2024-12-05 05:15:00,4487.4,11.0,5.1,67.0,220.0,4.0,1014.0,2024,12,5,5,15,4506.710000000004,3,4887.54,3310.9,4998.5391666666665
2024-12-05 05:20:00,4473.3,11.0,5.1,67.0,220.0,4.0,1014.0,2024,12,5,5,20,4487.966666666672,3,4868.52,3308.84,4978.638333333333
2024-12-05 05:25:00,4441.77,11.0,5.1,67.0,220.0,4.0,1014.0,2024,12,5,5,25,4467.490000000005,3,4862.26,3331.14,4958.791666666667
2024-12-05 05:30:00,4409.09,11.0,5.1,67.0,220.0,6.0,1014.0,2024,12,5,5,30,4441.386666666672,3,4832.73,3330.94,4938.211666666666
2024-12-05 05:35:00,4405.57,11.0,5.1,67.0,220.0,6.0,1014.0,2024,12,5,5,35,4418.810000000005,3,4818.95,3354.94,4919.2425
2024-12-05 05:40:00,4376.51,11.0,5.1,67.0,220.0,6.0,1014.0,2024,12,5,5,40,4397.056666666672,3,4805.37,3376.41,4900.511666666666
2024-12-05 05:45:00,4352.43,11.0,5.1,67.0,220.0,6.0,1014.0,2024,12,5,5,45,4378.170000000005,3,4786.39,3395.16,4881.891666666666
2024-12-05 05:50:00,4341.18,11.0,5.1,67.0,220.0,6.0,1014.0,2024,12,5,5,50,4356.7066666666715,3,4774.74,3403.42,4864.276666666667
2024-12-05 05:55:00,4294.0,11.0,5.1,67.0,220.0,6.0,1014.0,2024,12,5,5,55,4329.203333333338,3,4747.99,3414.72,4846.435833333333
2024-12-05 06:00:00,4290.55,11.0,5.1,67.0,220.0,6.0,1014.0,2024,12,5,6,0,4308.576666666671,3,4729.84,3427.1,4828.350833333333
2024-12-05 06:05:00,4269.12,11.0,5.1,67.0,220.0,6.0,1014.0,2024,12,5,6,5,4284.556666666672,3,4705.68,3473.63,4810.4575
2024-12-05 06:10:00,4245.52,11.0,5.1,67.0,220.0,6.0,1014.0,2024,12,5,6,10,4268.396666666672,3,4692.21,3493.22,4792.685
2024-12-05 06:15:00,4259.82,11.0,5.1,67.0,220.0,6.0,1014.0,2024,12,5,6,15,4258.153333333338,3,4663.05,3525.06,4773.9775
2024-12-05 06:20:00,4253.94,11.0,5.1,67.0,220.0,6.0,1014.0,2024,12,5,6,20,4253.093333333338,3,4646.99,3577.25,4755.516666666666
2024-12-05 06:25:00,4250.8,11.0,5.1,67.0,220.0,6.0,1014.0,2024,12,5,6,25,4254.853333333338,3,4648.66,3599.35,4737.716666666666
2024-12-05 06:30:00,4244.13,11.0,5.1,67.0,230.0,6.0,1015.0,2024,12,5,6,30,4249.6233333333375,3,4638.73,3647.8,4721.55
2024-12-05 06:35:00,4210.81,11.0,5.1,67.0,230.0,6.0,1015.0,2024,12,5,6,35,4235.246666666672,3,4619.06,3677.01,4704.8925
2024-12-05 06:40:00,4199.82,11.0,5.1,67.0,230.0,6.0,1015.0,2024,12,5,6,40,4218.253333333339,3,4611.66,3680.59,4688.75
2024-12-05 06:45:00,4216.18,11.0,5.1,67.0,230.0,6.0,1015.0,2024,12,5,6,45,4208.936666666672,3,4583.24,3647.91,4671.820833333334
2024-12-05 06:50:00,4188.65,11.0,5.1,67.0,230.0,6.0,1015.0,2024,12,5,6,50,4201.550000000005,3,4575.67,3656.58,4655.231666666667
2024-12-05 06:55:00,4163.79,11.0,5.1,67.0,230.0,6.0,1015.0,2024,12,5,6,55,4189.5400000000045,3,4558.72,3686.67,4639.4591666666665
2024-12-05 07:00:00,4161.48,11.0,5.1,67.0,230.0,6.0,1015.0,2024,12,5,7,0,4171.306666666671,3,4538.34,3632.16,4623.500833333333
2024-12-05 07:05:00,4158.18,11.0,5.1,67.0,230.0,6.0,1015.0,2024,12,5,7,5,4161.150000000005,3,4529.53,3691.61,4608.821666666667
2024-12-05 07:10:00,4129.26,11.0,5.1,67.0,230.0,6.0,1015.0,2024,12,5,7,10,4149.640000000004,3,4503.2,3636.16,4593.070833333333
2024-12-05 07:15:00,4140.66,11.0,5.1,67.0,230.0,6.0,1015.0,2024,12,5,7,15,4142.700000000004,3,4487.4,3646.33,4578.433333333333
2024-12-05 07:20:00,4123.99,11.0,5.1,67.0,230.0,6.0,1015.0,2024,12,5,7,20,4131.303333333338,3,4473.3,3641.55,4563.9591666666665
2024-12-05 07:25:00,4113.05,11.0,5.1,67.0,230.0,6.0,1015.0,2024,12,5,7,25,4125.900000000005,3,4441.77,3636.59,4546.718333333333
2024-12-05 07:30:00,4101.3,11.0,5.1,67.0,240.0,6.0,1015.0,2024,12,5,7,30,4112.780000000005,3,4409.09,3616.65,4527.581666666666
2024-12-05 07:35:00,4085.69,11.0,5.1,67.0,240.0,6.0,1015.0,2024,12,5,7,35,4100.013333333338,3,4405.57,3605.95,4509.7908333333335
2024-12-05 07:40:00,4081.05,11.0,5.1,67.0,240.0,6.0,1015.0,2024,12,5,7,40,4089.346666666672,3,4376.51,3547.53,4490.195000000001
2024-12-05 07:45:00,4053.75,11.0,5.1,67.0,240.0,6.0,1015.0,2024,12,5,7,45,4073.496666666671,3,4352.43,3604.06,4470.9608333333335
2024-12-05 07:50:00,4039.53,11.0,5.1,67.0,240.0,6.0,1015.0,2024,12,5,7,50,4058.1100000000047,3,4341.18,3596.64,4451.42
2024-12-05 07:55:00,4069.07,11.0,5.1,67.0,240.0,6.0,1015.0,2024,12,5,7,55,4054.116666666672,3,4294.0,3601.72,4429.36
2024-12-05 08:00:00,4088.44,11.0,5.1,67.0,240.0,6.0,1015.0,2024,12,5,8,0,4065.6800000000057,3,4290.55,3560.94,4408.7108333333335
2024-12-05 08:05:00,4084.63,11.0,5.1,67.0,240.0,6.0,1015.0,2024,12,5,8,5,4080.713333333338,3,4269.12,3604.16,4387.01
2024-12-05 08:10:00,4052.68,11.0,5.1,67.0,240.0,6.0,1015.0,2024,12,5,8,10,4075.250000000005,3,4245.52,3597.26,4365.536666666667
2024-12-05 08:15:00,4047.1,11.0,5.1,67.0,240.0,6.0,1015.0,2024,12,5,8,15,4061.470000000005,3,4259.82,3606.81,4346.571666666668
2024-12-05 08:20:00,4051.23,11.0,5.1,67.0,240.0,6.0,1015.0,2024,12,5,8,20,4050.336666666672,3,4253.94,3611.01,4328.291666666667
2024-12-05 08:25:00,4056.41,11.0,5.1,67.0,240.0,6.0,1015.0,2024,12,5,8,25,4051.580000000005,3,4250.8,3646.75,4312.3775
2024-12-05 08:30:00,4037.7,15.0,4.9,51.0,260.0,11.0,1016.0,2024,12,5,8,30,4048.446666666672,3,4244.13,3616.18,4298.630833333334
2024-12-05 08:35:00,4057.27,15.0,4.9,51.0,260.0,11.0,1016.0,2024,12,5,8,35,4050.460000000005,3,4210.81,3661.82,4282.400833333334
2024-12-05 08:40:00,4030.97,15.0,4.9,51.0,260.0,11.0,1016.0,2024,12,5,8,40,4041.980000000005,3,4199.82,3655.81,4267.676666666667
2024-12-05 08:45:00,4028.68,15.0,4.9,51.0,260.0,11.0,1016.0,2024,12,5,8,45,4038.9733333333375,3,4216.18,3676.18,4256.3225
2024-12-05 08:50:00,4056.72,15.0,4.9,51.0,260.0,11.0,1016.0,2024,12,5,8,50,4038.790000000005,3,4188.65,3705.83,4243.611666666667
2024-12-05 08:55:00,4027.33,15.0,4.9,51.0,260.0,11.0,1016.0,2024,12,5,8,55,4037.5766666666714,3,4163.79,3714.77,4232.760833333333
2024-12-05 09:00:00,4037.93,15.0,4.9,51.0,260.0,11.0,1016.0,2024,12,5,9,0,4040.660000000005,3,4161.48,3731.91,4222.005
2024-12-05 09:05:00,4023.86,15.0,4.9,51.0,260.0,11.0,1016.0,2024,12,5,9,5,4029.706666666672,3,4158.18,3760.36,4212.76
2024-12-05 09:10:00,4076.44,15.0,4.9,51.0,260.0,11.0,1016.0,2024,12,5,9,10,4046.0766666666714,3,4129.26,3747.02,4203.071666666667
2024-12-05 09:15:00,4115.04,15.0,4.9,51.0,260.0,11.0,1016.0,2024,12,5,9,15,4071.7800000000047,3,4140.66,3845.65,4193.141666666666
2024-12-05 09:20:00,4165.5,15.0,4.9,51.0,260.0,11.0,1016.0,2024,12,5,9,20,4118.993333333338,3,4123.99,3850.25,4182.3125
2024-12-05 09:25:00,4207.67,15.0,4.9,51.0,260.0,11.0,1016.0,2024,12,5,9,25,4162.736666666672,3,4113.05,3926.47,4170.833333333333
2024-12-05 09:30:00,4212.49,18.0,4.2,40.0,260.0,13.0,1017.0,2024,12,5,9,30,4195.220000000005,3,4101.3,3953.58,4158.930833333333
2024-12-05 09:35:00,4226.3,18.0,4.2,40.0,260.0,13.0,1017.0,2024,12,5,9,35,4215.486666666671,3,4085.69,4015.74,4148.504166666667
2024-12-05 09:40:00,4273.5,18.0,4.2,40.0,260.0,13.0,1017.0,2024,12,5,9,40,4237.430000000005,3,4081.05,4052.9,4138.606666666667
2024-12-05 09:45:00,4269.48,18.0,4.2,40.0,260.0,13.0,1017.0,2024,12,5,9,45,4256.426666666671,3,4053.75,4092.22,4125.070833333333
2024-12-05 09:50:00,4309.2,18.0,4.2,40.0,260.0,13.0,1017.0,2024,12,5,9,50,4284.060000000005,3,4039.53,4084.5,4112.644166666667
2024-12-05 09:55:00,4338.79,18.0,4.2,40.0,260.0,13.0,1017.0,2024,12,5,9,55,4305.823333333338,3,4069.07,4130.33,4104.7508333333335
2024-12-05 10:00:00,4344.87,18.0,4.2,40.0,260.0,13.0,1017.0,2024,12,5,10,0,4330.953333333338,3,4088.44,4177.54,4098.6641666666665
2024-12-05 10:05:00,4372.3,18.0,4.2,40.0,260.0,13.0,1017.0,2024,12,5,10,5,4351.986666666671,3,4084.63,4187.53,4092.535
2024-12-05 10:10:00,4399.23,18.0,4.2,40.0,260.0,13.0,1017.0,2024,12,5,10,10,4372.133333333338,3,4052.68,4228.24,4086.1533333333336
2024-12-05 10:15:00,4442.2,18.0,4.2,40.0,260.0,13.0,1017.0,2024,12,5,10,15,4404.576666666671,3,4047.1,4283.96,4078.3566666666666
2024-12-05 10:20:00,4448.35,18.0,4.2,40.0,260.0,13.0,1017.0,2024,12,5,10,20,4429.926666666672,3,4051.23,4291.57,4072.2933333333335
2024-12-05 10:25:00,4469.22,18.0,4.2,40.0,260.0,13.0,1017.0,2024,12,5,10,25,4453.256666666672,3,4056.41,4107.39,4067.5733333333333
2024-12-05 10:30:00,4495.45,20.0,4.1,35.0,270.0,11.0,1017.0,2024,12,5,10,30,4471.006666666672,3,4037.7,4359.62,4062.273333333334
2024-12-05 10:35:00,4524.03,20.0,4.1,35.0,270.0,11.0,1017.0,2024,12,5,10,35,4496.233333333338,3,4057.27,4386.04,4059.905
2024-12-05 10:40:00,4523.28,20.0,4.1,35.0,270.0,11.0,1017.0,2024,12,5,10,40,4514.253333333338,3,4030.97,4373.31,4055.7316666666666
2024-12-05 10:45:00,4571.05,20.0,4.1,35.0,270.0,11.0,1017.0,2024,12,5,10,45,4539.453333333338,3,4028.68,4343.14,4053.6425
2024-12-05 10:50:00,4573.06,20.0,4.1,35.0,270.0,11.0,1017.0,2024,12,5,10,50,4555.796666666672,3,4056.72,4413.46,4055.0750000000003
2024-12-05 10:55:00,4611.35,20.0,4.1,35.0,270.0,11.0,1017.0,2024,12,5,10,55,4585.153333333338,3,4027.33,4428.22,4051.5966666666664
2024-12-05 11:00:00,4645.7,20.0,4.1,35.0,270.0,11.0,1017.0,2024,12,5,11,0,4610.036666666671,3,4037.93,4392.47,4047.3874999999994
2024-12-05 11:05:00,4634.72,20.0,4.1,35.0,270.0,11.0,1017.0,2024,12,5,11,5,4630.590000000005,3,4023.86,4433.43,4042.3233333333333
2024-12-05 11:10:00,4681.64,20.0,4.1,35.0,270.0,11.0,1017.0,2024,12,5,11,10,4654.020000000005,3,4076.44,4404.92,4044.3033333333333
2024-12-05 11:15:00,4670.89,20.0,4.1,35.0,270.0,11.0,1017.0,2024,12,5,11,15,4662.4166666666715,3,4115.04,4442.56,4049.965
2024-12-05 11:20:00,4703.82,20.0,4.1,35.0,270.0,11.0,1017.0,2024,12,5,11,20,4685.450000000005,3,4165.5,4399.11,4059.4874999999997
2024-12-05 11:25:00,4703.25,20.0,4.1,35.0,270.0,11.0,1017.0,2024,12,5,11,25,4692.653333333338,3,4207.67,4437.33,4072.0925
2024-12-05 11:30:00,4708.65,22.0,4.1,31.0,290.0,11.0,1016.0,2024,12,5,11,30,4705.240000000004,3,4212.49,4400.79,4086.658333333333
2024-12-05 11:35:00,4705.26,22.0,4.1,31.0,290.0,11.0,1016.0,2024,12,5,11,35,4705.720000000005,3,4226.3,4441.0,4100.744166666666
2024-12-05 11:40:00,4733.41,22.0,4.1,31.0,290.0,11.0,1016.0,2024,12,5,11,40,4715.773333333338,3,4273.5,4443.05,4120.955
2024-12-05 11:45:00,4766.67,22.0,4.1,31.0,290.0,11.0,1016.0,2024,12,5,11,45,4735.113333333338,3,4269.48,4450.33,4141.0216666666665
2024-12-05 11:50:00,4783.26,22.0,4.1,31.0,290.0,11.0,1016.0,2024,12,5,11,50,4761.113333333338,3,4309.2,4433.49,4162.0616666666665
2024-12-05 11:55:00,4801.29,22.0,4.1,31.0,290.0,11.0,1016.0,2024,12,5,11,55,4783.740000000005,3,4338.79,4443.6,4188.016666666667
2024-12-05 12:00:00,4823.04,22.0,4.1,31.0,290.0,11.0,1016.0,2024,12,5,12,0,4802.530000000005,3,4344.87,4461.14,4213.595
2024-12-05 12:05:00,4845.98,22.0,4.1,31.0,290.0,11.0,1016.0,2024,12,5,12,5,4823.436666666671,3,4372.3,4450.0,4242.631666666667
2024-12-05 12:10:00,4842.79,22.0,4.1,31.0,290.0,11.0,1016.0,2024,12,5,12,10,4837.270000000005,3,4399.23,4440.5,4269.530833333333
2024-12-05 12:15:00,4843.1,22.0,4.1,31.0,290.0,11.0,1016.0,2024,12,5,12,15,4843.9566666666715,3,4442.2,4478.05,4296.794166666667
2024-12-05 12:20:00,4878.56,22.0,4.1,31.0,290.0,11.0,1016.0,2024,12,5,12,20,4854.816666666672,3,4448.35,4416.46,4320.365
2024-12-05 12:25:00,4921.01,22.0,4.1,31.0,290.0,11.0,1016.0,2024,12,5,12,25,4880.890000000005,3,4469.22,4477.46,4342.160833333333
2024-12-05 12:30:00,4912.97,23.0,3.0,27.0,270.0,17.0,1015.0,2024,12,5,12,30,4904.180000000005,3,4495.45,4469.7,4365.740833333333
2024-12-05 12:35:00,4953.99,23.0,3.0,27.0,270.0,17.0,1015.0,2024,12,5,12,35,4929.323333333338,3,4524.03,4479.57,4390.551666666666
2024-12-05 12:40:00,4937.75,23.0,3.0,27.0,270.0,17.0,1015.0,2024,12,5,12,40,4934.903333333338,3,4523.28,4469.83,4411.366666666667
2024-12-05 12:45:00,4950.19,23.0,3.0,27.0,270.0,17.0,1015.0,2024,12,5,12,45,4947.310000000004,3,4571.05,4423.49,4436.4974999999995
2024-12-05 12:50:00,4988.64,23.0,3.0,27.0,270.0,17.0,1015.0,2024,12,5,12,50,4958.860000000004,3,4573.06,4476.55,4458.485833333333
2024-12-05 12:55:00,4978.27,23.0,3.0,27.0,270.0,17.0,1015.0,2024,12,5,12,55,4972.366666666671,3,4611.35,4459.02,4481.199166666666
2024-12-05 13:00:00,4921.61,23.0,3.0,27.0,270.0,17.0,1015.0,2024,12,5,13,0,4962.840000000005,3,4645.7,4435.32,4506.268333333333
2024-12-05 13:05:00,4925.94,23.0,3.0,27.0,270.0,17.0,1015.0,2024,12,5,13,5,4941.940000000005,3,4634.72,4340.62,4528.136666666666
2024-12-05 13:10:00,4914.17,23.0,3.0,27.0,270.0,17.0,1015.0,2024,12,5,13,10,4920.573333333338,3,4681.64,4324.54,4551.670833333334
2024-12-05 13:15:00,4956.05,23.0,3.0,27.0,270.0,17.0,1015.0,2024,12,5,13,15,4932.053333333338,3,4670.89,4277.26,4570.7283333333335
2024-12-05 13:20:00,4966.38,23.0,3.0,27.0,270.0,17.0,1015.0,2024,12,5,13,20,4945.533333333339,3,4703.82,4289.71,4592.0175
2024-12-05 13:25:00,4955.83,23.0,3.0,27.0,270.0,17.0,1015.0,2024,12,5,13,25,4959.420000000005,3,4703.25,4236.67,4611.5199999999995
2024-12-05 13:30:00,4989.96,24.0,2.2,24.0,270.0,17.0,1014.0,2024,12,5,13,30,4970.723333333338,3,4708.65,4291.05,4629.286666666667
2024-12-05 13:35:00,5033.99,24.0,2.2,24.0,270.0,17.0,1014.0,2024,12,5,13,35,4993.260000000005,3,4705.26,4315.64,4644.389166666667
2024-12-05 13:40:00,5057.62,24.0,2.2,24.0,270.0,17.0,1014.0,2024,12,5,13,40,5027.190000000005,3,4733.41,4311.26,4661.9
2024-12-05 13:45:00,5098.67,24.0,2.2,24.0,270.0,17.0,1014.0,2024,12,5,13,45,5063.426666666671,3,4766.67,4354.42,4678.201666666667
2024-12-05 13:50:00,5112.79,24.0,2.2,24.0,270.0,17.0,1014.0,2024,12,5,13,50,5089.693333333338,3,4783.26,4358.54,4695.718333333333
2024-12-05 13:55:00,5168.64,24.0,2.2,24.0,270.0,17.0,1014.0,2024,12,5,13,55,5126.700000000004,3,4801.29,4433.08,4711.546666666666
2024-12-05 14:00:00,5190.82,24.0,2.2,24.0,270.0,17.0,1014.0,2024,12,5,14,0,5157.4166666666715,3,4823.04,4394.61,4726.325
2024-12-05 14:05:00,5217.55,24.0,2.2,24.0,270.0,17.0,1014.0,2024,12,5,14,5,5192.336666666672,3,4845.98,4422.73,4743.93
2024-12-05 14:10:00,5248.99,24.0,2.2,24.0,270.0,17.0,1014.0,2024,12,5,14,10,5219.120000000004,3,4842.79,4458.48,4757.359166666666
2024-12-05 14:15:00,5272.6,24.0,2.2,24.0,270.0,17.0,1014.0,2024,12,5,14,15,5246.380000000006,3,4843.1,4458.65,4771.71
2024-12-05 14:20:00,5293.72,24.0,2.2,24.0,270.0,17.0,1014.0,2024,12,5,14,20,5271.770000000005,3,4878.56,4456.04,4786.2716666666665
2024-12-05 14:25:00,5303.38,24.0,2.2,24.0,270.0,17.0,1014.0,2024,12,5,14,25,5289.900000000005,3,4921.01,4489.36,4804.418333333334
2024-12-05 14:30:00,5363.17,24.0,2.2,24.0,280.0,17.0,1014.0,2024,12,5,14,30,5320.090000000005,3,4912.97,4576.96,4821.445000000001
2024-12-05 14:35:00,5363.54,24.0,2.2,24.0,280.0,17.0,1014.0,2024,12,5,14,35,5343.363333333338,3,4953.99,4539.94,4842.1725
2024-12-05 14:40:00,5378.46,24.0,2.2,24.0,280.0,17.0,1014.0,2024,12,5,14,40,5368.390000000005,3,4937.75,4614.24,4859.200833333333
2024-12-05 14:45:00,5429.19,24.0,2.2,24.0,280.0,17.0,1014.0,2024,12,5,14,45,5390.396666666671,3,4950.19,4636.7,4874.494166666666
2024-12-05 14:50:00,5441.84,24.0,2.2,24.0,280.0,17.0,1014.0,2024,12,5,14,50,5416.4966666666705,3,4988.64,4635.25,4891.609166666667
2024-12-05 14:55:00,5429.58,24.0,2.2,24.0,280.0,17.0,1014.0,2024,12,5,14,55,5433.536666666671,3,4978.27,4660.91,4906.3575
2024-12-05 15:00:00,5441.29,24.0,2.2,24.0,280.0,17.0,1014.0,2024,12,5,15,0,5437.570000000005,3,4921.61,4646.51,4914.571666666667
2024-12-05 15:05:00,5502.9,24.0,2.2,24.0,280.0,17.0,1014.0,2024,12,5,15,5,5457.923333333338,3,4925.94,4685.3,4921.235
2024-12-05 15:10:00,5471.09,24.0,2.2,24.0,280.0,17.0,1014.0,2024,12,5,15,10,5471.760000000005,3,4914.17,4673.42,4927.183333333333
2024-12-05 15:15:00,5486.61,24.0,2.2,24.0,280.0,17.0,1014.0,2024,12,5,15,15,5486.866666666671,3,4956.05,4456.75,4936.595833333334
2024-12-05 15:20:00,5507.04,24.0,2.2,24.0,280.0,17.0,1014.0,2024,12,5,15,20,5488.2466666666705,3,4966.38,4706.55,4943.9141666666665
2024-12-05 15:25:00,5491.12,24.0,2.2,24.0,280.0,17.0,1014.0,2024,12,5,15,25,5494.923333333339,3,4955.83,4665.88,4946.815833333333
2024-12-05 15:30:00,5519.56,24.0,2.2,24.0,280.0,17.0,1014.0,2024,12,5,15,30,5505.906666666672,3,4989.96,4660.42,4953.231666666667
2024-12-05 15:35:00,5467.77,24.0,2.2,24.0,280.0,17.0,1014.0,2024,12,5,15,35,5492.816666666672,3,5033.99,4634.97,4959.8983333333335
2024-12-05 15:40:00,5460.83,24.0,2.2,24.0,280.0,17.0,1014.0,2024,12,5,15,40,5482.720000000006,3,5057.62,4674.37,4969.8875
2024-12-05 15:45:00,5409.12,24.0,2.2,24.0,280.0,17.0,1014.0,2024,12,5,15,45,5445.906666666672,3,5098.67,4685.87,4982.260833333333
2024-12-05 15:50:00,5456.67,24.0,2.2,24.0,280.0,17.0,1014.0,2024,12,5,15,50,5442.2066666666715,3,5112.79,4643.93,4992.606666666667
2024-12-05 15:55:00,5441.75,24.0,2.2,24.0,280.0,17.0,1014.0,2024,12,5,15,55,5435.846666666672,3,5168.64,4675.08,5008.470833333334
2024-12-05 16:00:00,5389.51,24.0,2.2,24.0,280.0,17.0,1014.0,2024,12,5,16,0,5429.310000000005,3,5190.82,4652.75,5030.905
2024-12-05 16:05:00,5413.12,24.0,2.2,24.0,280.0,17.0,1014.0,2024,12,5,16,5,5414.793333333338,3,5217.55,4605.37,5055.205833333333
2024-12-05 16:10:00,5343.23,24.0,2.2,24.0,280.0,17.0,1014.0,2024,12,5,16,10,5381.953333333338,3,5248.99,4650.39,5083.1075
2024-12-05 16:15:00,5432.76,24.0,2.2,24.0,280.0,17.0,1014.0,2024,12,5,16,15,5396.370000000004,3,5272.6,4655.26,5109.486666666667
2024-12-05 16:20:00,5361.99,24.0,2.2,24.0,280.0,17.0,1014.0,2024,12,5,16,20,5379.326666666671,3,5293.72,4638.06,5136.765
2024-12-05 16:25:00,5341.3,24.0,2.2,24.0,280.0,17.0,1014.0,2024,12,5,16,25,5378.683333333338,3,5303.38,4615.49,5165.7275
2024-12-05 16:30:00,5365.55,22.0,2.1,27.0,270.0,13.0,1014.0,2024,12,5,16,30,5356.280000000005,3,5363.17,4600.08,5196.828333333334
2024-12-05 16:35:00,5313.05,22.0,2.1,27.0,270.0,13.0,1014.0,2024,12,5,16,35,5339.966666666672,3,5363.54,4613.35,5224.2908333333335
2024-12-05 16:40:00,5317.44,22.0,2.1,27.0,270.0,13.0,1014.0,2024,12,5,16,40,5332.013333333339,3,5378.46,4598.03,5251.0275
2024-12-05 16:45:00,5263.8,22.0,2.1,27.0,270.0,13.0,1014.0,2024,12,5,16,45,5298.096666666672,3,5429.19,4583.93,5278.570833333333
2024-12-05 16:50:00,5237.01,22.0,2.1,27.0,270.0,13.0,1014.0,2024,12,5,16,50,5272.750000000005,3,5441.84,4539.13,5305.991666666667
2024-12-05 16:55:00,5257.1,22.0,2.1,27.0,270.0,13.0,1014.0,2024,12,5,16,55,5252.636666666672,3,5429.58,4574.57,5327.736666666667
2024-12-05 17:00:00,5223.87,22.0,2.1,27.0,270.0,13.0,1014.0,2024,12,5,17,0,5239.326666666672,3,5441.29,4576.02,5348.609166666666
2024-12-05 17:05:00,5242.08,22.0,2.1,27.0,270.0,13.0,1014.0,2024,12,5,17,5,5241.016666666672,3,5502.9,4548.93,5372.388333333333
2024-12-05 17:10:00,5129.47,22.0,2.1,27.0,270.0,13.0,1014.0,2024,12,5,17,10,5198.473333333339,3,5471.09,4552.54,5390.8966666666665
2024-12-05 17:15:00,5158.99,22.0,2.1,27.0,270.0,13.0,1014.0,2024,12,5,17,15,5176.846666666672,3,5486.61,4551.12,5408.730833333334
2024-12-05 17:20:00,5124.73,22.0,2.1,27.0,270.0,13.0,1014.0,2024,12,5,17,20,5137.730000000004,3,5507.04,4551.63,5426.5075
2024-12-05 17:25:00,5147.81,22.0,2.1,27.0,270.0,13.0,1014.0,2024,12,5,17,25,5143.843333333338,3,5491.12,4576.3,5442.1525
2024-12-05 17:30:00,5114.84,19.0,4.0,37.0,260.0,6.0,1014.0,2024,12,5,17,30,5129.126666666672,3,5519.56,4516.8,5455.1849999999995
2024-12-05 17:35:00,5085.81,19.0,4.0,37.0,260.0,6.0,1014.0,2024,12,5,17,35,5116.153333333339,3,5467.77,4486.18,5463.870833333333
2024-12-05 17:40:00,5057.79,19.0,4.0,37.0,260.0,6.0,1014.0,2024,12,5,17,40,5086.146666666672,3,5460.83,4530.54,5470.735
2024-12-05 17:45:00,5024.68,19.0,4.0,37.0,260.0,6.0,1014.0,2024,12,5,17,45,5056.093333333339,3,5409.12,4487.23,5469.0625
2024-12-05 17:50:00,4994.46,19.0,4.0,37.0,260.0,6.0,1014.0,2024,12,5,17,50,5025.643333333338,3,5456.67,4480.17,5470.298333333333
2024-12-05 17:55:00,5022.17,19.0,4.0,37.0,260.0,6.0,1014.0,2024,12,5,17,55,5013.770000000005,3,5441.75,4469.63,5471.3125
2024-12-05 18:00:00,5005.99,19.0,4.0,37.0,260.0,6.0,1014.0,2024,12,5,18,0,5007.5400000000045,3,5389.51,4468.59,5466.9975
2024-12-05 18:05:00,4968.21,19.0,4.0,37.0,260.0,6.0,1014.0,2024,12,5,18,5,4998.790000000005,3,5413.12,4478.29,5459.515833333334
2024-12-05 18:10:00,4952.13,19.0,4.0,37.0,260.0,6.0,1014.0,2024,12,5,18,10,4975.443333333339,3,5343.23,4444.67,5448.860833333333
2024-12-05 18:15:00,4936.23,19.0,4.0,37.0,260.0,6.0,1014.0,2024,12,5,18,15,4952.190000000005,3,5432.76,4416.73,5444.373333333334
2024-12-05 18:20:00,4935.8,19.0,4.0,37.0,260.0,6.0,1014.0,2024,12,5,18,20,4941.386666666672,3,5361.99,4407.99,5432.285833333333
2024-12-05 18:25:00,4919.6,19.0,4.0,37.0,260.0,6.0,1014.0,2024,12,5,18,25,4930.543333333338,3,5341.3,4377.92,5419.800833333334
2024-12-05 18:30:00,4925.15,17.0,5.0,45.0,250.0,9.0,1014.0,2024,12,5,18,30,4926.850000000005,3,5365.55,4399.66,5406.966666666667
2024-12-05 18:35:00,4901.97,17.0,5.0,45.0,250.0,9.0,1014.0,2024,12,5,18,35,4915.573333333338,3,5313.05,4403.26,5394.073333333333
2024-12-05 18:40:00,4910.12,17.0,5.0,45.0,250.0,9.0,1014.0,2024,12,5,18,40,4912.413333333338,3,5317.44,4388.62,5382.1241666666665
2024-12-05 18:45:00,4888.12,17.0,5.0,45.0,250.0,9.0,1014.0,2024,12,5,18,45,4900.070000000004,3,5263.8,4373.2,5370.014166666667
2024-12-05 18:50:00,4939.79,17.0,5.0,45.0,250.0,9.0,1014.0,2024,12,5,18,50,4912.676666666671,3,5237.01,4406.81,5351.7091666666665
2024-12-05 18:55:00,4887.95,17.0,5.0,45.0,250.0,9.0,1014.0,2024,12,5,18,55,4905.286666666671,3,5257.1,4397.14,5336.321666666667
2024-12-05 19:00:00,4912.79,17.0,5.0,45.0,250.0,9.0,1014.0,2024,12,5,19,0,4913.510000000005,3,5223.87,4391.13,5322.518333333333
2024-12-05 19:05:00,4927.05,17.0,5.0,45.0,250.0,9.0,1014.0,2024,12,5,19,5,4909.263333333339,3,5242.08,4385.63,5308.265
2024-12-05 19:10:00,4914.74,17.0,5.0,45.0,250.0,9.0,1014.0,2024,12,5,19,10,4918.193333333337,3,5129.47,4363.55,5290.451666666667
2024-12-05 19:15:00,4950.27,17.0,5.0,45.0,250.0,9.0,1014.0,2024,12,5,19,15,4930.686666666672,3,5158.99,4393.33,5267.6375
2024-12-05 19:20:00,4994.38,17.0,5.0,45.0,250.0,9.0,1014.0,2024,12,5,19,20,4953.130000000006,3,5124.73,4420.77,5247.865833333333
2024-12-05 19:25:00,5006.78,17.0,5.0,45.0,250.0,9.0,1014.0,2024,12,5,19,25,4983.810000000005,3,5147.81,4414.69,5231.741666666667
2024-12-05 19:30:00,4999.06,17.0,5.0,45.0,270.0,6.0,1014.0,2024,12,5,19,30,5000.073333333338,3,5114.84,4392.76,5210.849166666666
2024-12-05 19:35:00,5037.76,17.0,5.0,45.0,270.0,6.0,1014.0,2024,12,5,19,35,5014.533333333338,3,5085.81,4392.94,5191.9125
2024-12-05 19:40:00,5019.13,17.0,5.0,45.0,270.0,6.0,1014.0,2024,12,5,19,40,5018.650000000005,3,5057.79,4370.64,5170.275000000001
2024-12-05 19:45:00,5054.12,17.0,5.0,45.0,270.0,6.0,1014.0,2024,12,5,19,45,5037.003333333339,3,5024.68,4347.73,5150.348333333333
2024-12-05 19:50:00,5039.91,17.0,5.0,45.0,270.0,6.0,1014.0,2024,12,5,19,50,5037.720000000005,3,4994.46,4375.64,5130.135833333334
2024-12-05 19:55:00,5098.34,17.0,5.0,45.0,270.0,6.0,1014.0,2024,12,5,19,55,5064.1233333333375,3,5022.17,4307.08,5110.558333333333
2024-12-05 20:00:00,5081.15,17.0,5.0,45.0,270.0,6.0,1014.0,2024,12,5,20,0,5073.133333333338,3,5005.99,4283.9,5092.401666666667
2024-12-05 20:05:00,5067.23,17.0,5.0,45.0,270.0,6.0,1014.0,2024,12,5,20,5,5082.240000000004,3,4968.21,4244.62,5069.579166666666
2024-12-05 20:10:00,5084.89,17.0,5.0,45.0,270.0,6.0,1014.0,2024,12,5,20,10,5077.756666666672,3,4952.13,4208.01,5054.800833333334
2024-12-05 20:15:00,5055.84,17.0,5.0,45.0,270.0,6.0,1014.0,2024,12,5,20,15,5069.320000000004,3,4936.23,4199.71,5036.2375
2024-12-05 20:20:00,5129.62,17.0,5.0,45.0,270.0,6.0,1014.0,2024,12,5,20,20,5090.116666666671,3,4935.8,4182.92,5020.493333333333
2024-12-05 20:25:00,5112.96,17.0,5.0,45.0,270.0,6.0,1014.0,2024,12,5,20,25,5099.473333333338,3,4919.6,4191.49,5001.475833333333
2024-12-05 20:30:00,5125.78,17.0,5.0,45.0,300.0,4.0,1015.0,2024,12,5,20,30,5122.786666666671,3,4925.15,4183.74,4985.668333333334
2024-12-05 20:35:00,5174.13,17.0,5.0,45.0,300.0,4.0,1015.0,2024,12,5,20,35,5137.6233333333375,3,4901.97,4138.9,4970.348333333333
2024-12-05 20:40:00,5174.28,17.0,5.0,45.0,300.0,4.0,1015.0,2024,12,5,20,40,5158.063333333338,3,4910.12,4109.92,4958.0425
2024-12-05 20:45:00,5188.39,17.0,5.0,45.0,300.0,4.0,1015.0,2024,12,5,20,45,5178.933333333338,3,4888.12,4151.06,4946.662499999999
2024-12-05 20:50:00,5187.69,17.0,5.0,45.0,300.0,4.0,1015.0,2024,12,5,20,50,5183.4533333333375,3,4939.79,4149.62,4942.106666666667
2024-12-05 20:55:00,5212.16,17.0,5.0,45.0,300.0,4.0,1015.0,2024,12,5,20,55,5196.0800000000045,3,4887.95,4126.92,4930.921666666666
2024-12-05 21:00:00,5282.27,17.0,5.0,45.0,300.0,4.0,1015.0,2024,12,5,21,0,5227.3733333333375,3,4912.79,4126.14,4923.155
2024-12-05 21:05:00,5240.4,17.0,5.0,45.0,300.0,4.0,1015.0,2024,12,5,21,5,5244.943333333338,3,4927.05,4086.05,4919.725
2024-12-05 21:10:00,5288.12,17.0,5.0,45.0,300.0,4.0,1015.0,2024,12,5,21,10,5270.263333333339,3,4914.74,4063.29,4916.609166666666
2024-12-05 21:15:00,5321.89,17.0,5.0,45.0,300.0,4.0,1015.0,2024,12,5,21,15,5283.470000000005,3,4950.27,4067.83,4917.779166666667
2024-12-05 21:20:00,5360.8,17.0,5.0,45.0,300.0,4.0,1015.0,2024,12,5,21,20,5323.603333333339,3,4994.38,4094.97,4922.660833333333
2024-12-05 21:25:00,5441.04,17.0,5.0,45.0,300.0,4.0,1015.0,2024,12,5,21,25,5374.576666666672,3,5006.78,4070.65,4929.925833333334
2024-12-05 21:30:00,5443.1,16.0,5.0,48.0,290.0,4.0,1015.0,2024,12,5,21,30,5414.980000000005,3,4999.06,4063.79,4936.085
2024-12-05 21:35:00,5485.86,16.0,5.0,48.0,290.0,4.0,1015.0,2024,12,5,21,35,5456.6666666666715,3,5037.76,4091.91,4947.400833333333
2024-12-05 21:40:00,5514.26,16.0,5.0,48.0,290.0,4.0,1015.0,2024,12,5,21,40,5481.073333333338,3,5019.13,4098.63,4956.485000000001
2024-12-05 21:45:00,5570.08,16.0,5.0,48.0,290.0,4.0,1015.0,2024,12,5,21,45,5523.400000000005,3,5054.12,4114.62,4970.318333333334
2024-12-05 21:50:00,5606.29,16.0,5.0,48.0,290.0,4.0,1015.0,2024,12,5,21,50,5563.543333333338,3,5039.91,4128.77,4978.661666666667
2024-12-05 21:55:00,5643.17,16.0,5.0,48.0,290.0,4.0,1015.0,2024,12,5,21,55,5606.513333333339,3,5098.34,4138.93,4996.194166666667
2024-12-05 22:00:00,5670.68,16.0,5.0,48.0,290.0,4.0,1015.0,2024,12,5,22,0,5640.046666666672,3,5081.15,4142.68,5010.224166666667
2024-12-05 22:05:00,5705.59,16.0,5.0,48.0,290.0,4.0,1015.0,2024,12,5,22,5,5673.146666666672,3,5067.23,4142.28,5021.905833333333
2024-12-05 22:10:00,5744.3,16.0,5.0,48.0,290.0,4.0,1015.0,2024,12,5,22,10,5706.856666666671,3,5084.89,4125.33,5036.085
2024-12-05 22:15:00,5785.17,16.0,5.0,48.0,290.0,4.0,1015.0,2024,12,5,22,15,5745.020000000005,3,5055.84,4167.85,5044.8825
2024-12-05 22:20:00,5825.99,16.0,5.0,48.0,290.0,4.0,1015.0,2024,12,5,22,20,5785.153333333338,3,5129.62,4167.21,5056.1525
2024-12-05 22:25:00,5862.38,16.0,5.0,48.0,290.0,4.0,1015.0,2024,12,5,22,25,5824.513333333339,3,5112.96,4167.25,5065.0008333333335
2024-12-05 22:30:00,5925.61,15.0,4.9,51.0,290.0,4.0,1015.0,2024,12,5,22,30,5871.326666666671,3,5125.78,4170.91,5075.560833333334
2024-12-05 22:35:00,5972.89,15.0,4.9,51.0,290.0,4.0,1015.0,2024,12,5,22,35,5920.2933333333385,3,5174.13,4213.31,5086.925
2024-12-05 22:40:00,5984.23,15.0,4.9,51.0,290.0,4.0,1015.0,2024,12,5,22,40,5960.910000000004,3,5174.28,4177.16,5099.854166666667
2024-12-05 22:45:00,6000.26,15.0,4.9,51.0,290.0,4.0,1015.0,2024,12,5,22,45,5985.793333333338,3,5188.39,4187.93,5111.043333333334
2024-12-05 22:50:00,6027.89,15.0,4.9,51.0,290.0,4.0,1015.0,2024,12,5,22,50,6004.126666666672,3,5187.69,4214.76,5123.358333333333
2024-12-05 22:55:00,6082.48,15.0,4.9,51.0,290.0,4.0,1015.0,2024,12,5,22,55,6036.876666666672,3,5212.16,4166.35,5132.843333333333
2024-12-05 23:00:00,6074.21,15.0,4.9,51.0,290.0,4.0,1015.0,2024,12,5,23,0,6061.526666666672,3,5282.27,4218.73,5149.6033333333335
2024-12-05 23:05:00,6095.64,15.0,4.9,51.0,290.0,4.0,1015.0,2024,12,5,23,5,6084.110000000005,3,5240.4,4229.61,5164.034166666667
2024-12-05 23:10:00,6109.46,15.0,4.9,51.0,290.0,4.0,1015.0,2024,12,5,23,10,6093.103333333339,3,5288.12,4205.18,5180.97
2024-12-05 23:15:00,6123.8,15.0,4.9,51.0,290.0,4.0,1015.0,2024,12,5,23,15,6109.633333333339,3,5321.89,4181.33,5203.140833333334
2024-12-05 23:20:00,6142.45,15.0,4.9,51.0,290.0,4.0,1015.0,2024,12,5,23,20,6125.236666666671,3,5360.8,4185.48,5222.405833333333
2024-12-05 23:25:00,6148.17,15.0,4.9,51.0,290.0,4.0,1015.0,2024,12,5,23,25,6138.140000000004,3,5441.04,4173.76,5249.745833333333
2024-12-05 23:30:00,6144.87,15.0,4.9,51.0,290.0,4.0,1015.0,2024,12,5,23,30,6145.163333333338,3,5443.1,4167.55,5276.189166666666
2024-12-05 23:35:00,6152.53,15.0,4.9,51.0,290.0,4.0,1015.0,2024,12,5,23,35,6148.523333333338,3,5485.86,4175.72,5302.166666666667
2024-12-05 23:40:00,6155.73,15.0,4.9,51.0,290.0,4.0,1015.0,2024,12,5,23,40,6151.043333333338,3,5514.26,4165.42,5330.498333333334
2024-12-05 23:45:00,6151.9,15.0,4.9,51.0,290.0,4.0,1015.0,2024,12,5,23,45,6153.386666666672,3,5570.08,4129.88,5362.305833333333
2024-12-05 23:50:00,6144.95,15.0,4.9,51.0,290.0,4.0,1015.0,2024,12,5,23,50,6150.860000000004,3,5606.29,4129.7,5397.189166666667
2024-12-06 00:00:00,7486.09,15.0,4.9,51.0,290.0,4.0,1015.0,2024,12,6,0,0,6594.313333333338,4,5643.17,4115.58,5433.106666666667
2024-12-06 00:05:00,7467.04,15.0,4.9,51.0,290.0,4.0,1015.0,2024,12,6,0,5,7032.693333333339,4,5670.68,5752.7,5465.474166666667
2024-12-06 00:10:00,7477.41,15.0,4.9,51.0,290.0,4.0,1015.0,2024,12,6,0,10,7476.846666666672,4,5705.59,5716.7,5504.240000000001
2024-12-06 00:15:00,7452.61,15.0,4.9,51.0,290.0,4.0,1015.0,2024,12,6,0,15,7465.686666666671,4,5744.3,5702.8,5542.255
2024-12-06 00:20:00,7419.59,15.0,4.9,51.0,290.0,4.0,1015.0,2024,12,6,0,20,7449.870000000005,4,5785.17,5681.01,5580.861666666667
2024-12-06 00:25:00,7421.08,15.0,4.9,51.0,290.0,4.0,1015.0,2024,12,6,0,25,7431.093333333338,4,5825.99,5662.38,5619.6275
2024-12-06 00:30:00,7403.44,13.0,6.1,63.0,288.0,1.8,1014.0,2024,12,6,0,30,7414.703333333338,4,5862.38,5632.83,5654.739166666666
2024-12-06 00:35:00,7401.54,13.0,6.1,63.0,288.0,1.8,1014.0,2024,12,6,0,35,7408.686666666671,4,5925.61,5597.95,5694.948333333334
2024-12-06 00:40:00,7391.71,13.0,6.1,63.0,288.0,1.8,1014.0,2024,12,6,0,40,7398.896666666672,4,5972.89,5569.47,5735.534166666667
2024-12-06 00:45:00,7377.45,13.0,6.1,63.0,288.0,1.8,1014.0,2024,12,6,0,45,7390.233333333338,4,5984.23,5553.03,5774.698333333334
2024-12-06 00:50:00,7368.87,13.0,6.1,63.0,288.0,1.8,1014.0,2024,12,6,0,50,7379.343333333338,4,6000.26,5543.47,5810.546666666666
2024-12-06 00:55:00,7319.51,13.0,6.1,63.0,288.0,1.8,1014.0,2024,12,6,0,55,7355.276666666672,4,6027.89,5522.54,5845.68
2024-12-06 01:00:00,7262.93,13.0,6.1,63.0,288.0,1.8,1014.0,2024,12,6,1,0,7317.103333333337,4,6082.48,5516.93,5882.2891666666665
2024-12-06 01:05:00,7251.08,13.0,6.1,63.0,288.0,1.8,1014.0,2024,12,6,1,5,7277.840000000005,4,6074.21,5486.4,5915.916666666667
2024-12-06 01:10:00,7202.64,13.0,6.1,63.0,288.0,1.8,1014.0,2024,12,6,1,10,7238.883333333339,4,6095.64,5462.59,5948.420833333334
2024-12-06 01:15:00,7155.38,13.0,6.1,63.0,288.0,1.8,1014.0,2024,12,6,1,15,7203.033333333337,4,6109.46,5446.59,5978.850833333334
2024-12-06 01:20:00,7151.39,13.0,6.1,63.0,288.0,1.8,1014.0,2024,12,6,1,20,7169.803333333338,4,6123.8,5423.88,6007.07
2024-12-06 01:25:00,7126.85,13.0,6.1,63.0,288.0,1.8,1014.0,2024,12,6,1,25,7144.540000000005,4,6142.45,5397.52,6033.441666666667
2024-12-06 01:30:00,7094.74,12.0,6.1,67.0,283.0,4.0,1014.0,2024,12,6,1,30,7124.326666666671,4,6148.17,5372.07,6057.257500000001
2024-12-06 01:35:00,7055.28,12.0,6.1,67.0,283.0,4.0,1014.0,2024,12,6,1,35,7092.290000000005,4,6144.87,5335.39,6075.529166666667
2024-12-06 01:40:00,7024.71,12.0,6.1,67.0,283.0,4.0,1014.0,2024,12,6,1,40,7058.243333333338,4,6152.53,5322.07,6090.499166666667
2024-12-06 01:45:00,7025.58,12.0,6.1,67.0,283.0,4.0,1014.0,2024,12,6,1,45,7035.190000000005,4,6155.73,5302.18,6104.790833333333
2024-12-06 01:50:00,6981.5,12.0,6.1,67.0,283.0,4.0,1014.0,2024,12,6,1,50,7010.596666666672,4,6151.9,5272.71,6117.427500000001
2024-12-06 01:55:00,6881.63,12.0,6.1,67.0,283.0,4.0,1014.0,2024,12,6,1,55,6962.903333333338,4,6144.95,5254.94,6127.1825
2024-12-06 02:00:00,6867.37,12.0,6.1,67.0,283.0,4.0,1014.0,2024,12,6,2,0,6910.1666666666715,4,7486.09,5243.51,6244.150000000001
2024-12-06 02:05:00,6848.11,12.0,6.1,67.0,283.0,4.0,1014.0,2024,12,6,2,5,6865.703333333338,4,7467.04,5214.66,6360.219166666667
2024-12-06 02:10:00,6823.59,12.0,6.1,67.0,283.0,4.0,1014.0,2024,12,6,2,10,6846.356666666671,4,7477.41,5187.39,6475.366666666666
2024-12-06 02:15:00,6800.0,12.0,6.1,67.0,283.0,4.0,1014.0,2024,12,6,2,15,6823.900000000005,4,7452.61,5158.44,6587.295833333333
2024-12-06 02:20:00,6804.65,12.0,6.1,67.0,283.0,4.0,1014.0,2024,12,6,2,20,6809.4133333333375,4,7419.59,5126.58,6695.278333333333
2024-12-06 02:25:00,6787.45,12.0,6.1,67.0,283.0,4.0,1014.0,2024,12,6,2,25,6797.366666666671,4,7421.08,5107.33,6801.8308333333325
2024-12-06 02:30:00,6772.08,12.0,6.1,67.0,250.0,4.0,1014.0,2024,12,6,2,30,6788.060000000005,4,7403.44,5100.42,6906.436666666666
2024-12-06 02:35:00,6741.12,12.0,6.1,67.0,250.0,4.0,1014.0,2024,12,6,2,35,6766.883333333339,4,7401.54,5079.69,7011.159166666667
2024-12-06 02:40:00,6733.84,12.0,6.1,67.0,250.0,4.0,1014.0,2024,12,6,2,40,6749.013333333339,4,7391.71,5046.58,7114.424166666667
2024-12-06 02:45:00,6701.2,12.0,6.1,67.0,250.0,4.0,1014.0,2024,12,6,2,45,6725.386666666672,4,7377.45,5030.14,7216.234166666666
2024-12-06 02:50:00,6682.6,12.0,6.1,67.0,250.0,4.0,1014.0,2024,12,6,2,50,6705.880000000005,4,7368.87,5009.83,7317.6483333333335
2024-12-06 02:55:00,6654.53,12.0,6.1,67.0,250.0,4.0,1014.0,2024,12,6,2,55,6679.443333333339,4,7319.51,4986.12,7415.528333333333
2024-12-06 03:00:00,6603.51,12.0,6.1,67.0,250.0,4.0,1014.0,2024,12,6,3,0,6646.880000000005,4,7262.93,4962.08,7396.931666666667
2024-12-06 03:05:00,6590.06,12.0,6.1,67.0,250.0,4.0,1014.0,2024,12,6,3,5,6616.033333333339,4,7251.08,4946.86,7378.934999999999
2024-12-06 03:10:00,6563.24,12.0,6.1,67.0,250.0,4.0,1014.0,2024,12,6,3,10,6585.603333333339,4,7202.64,4920.4,7356.037500000001
2024-12-06 03:15:00,6534.97,12.0,6.1,67.0,250.0,4.0,1014.0,2024,12,6,3,15,6562.756666666672,4,7155.38,4905.48,7331.268333333333
2024-12-06 03:20:00,6520.56,12.0,6.1,67.0,250.0,4.0,1014.0,2024,12,6,3,20,6539.590000000005,4,7151.39,4887.54,7308.918333333334
2024-12-06 03:25:00,6503.24,12.0,6.1,67.0,250.0,4.0,1014.0,2024,12,6,3,25,6519.590000000005,4,7126.85,4868.52,7284.399166666667
2024-12-06 03:30:00,6459.62,12.0,6.1,67.0,250.0,4.0,1014.0,2024,12,6,3,30,6494.473333333338,4,7094.74,4862.26,7258.674166666667
2024-12-06 03:35:00,6451.87,12.0,6.1,67.0,250.0,4.0,1014.0,2024,12,6,3,35,6471.576666666671,4,7055.28,4832.73,7229.819166666667
2024-12-06 03:40:00,6406.67,12.0,6.1,67.0,250.0,4.0,1014.0,2024,12,6,3,40,6439.386666666672,4,7024.71,4818.95,7199.235833333333
2024-12-06 03:45:00,6382.1,12.0,6.1,67.0,250.0,4.0,1014.0,2024,12,6,3,45,6413.546666666672,4,7025.58,4805.37,7169.913333333334
2024-12-06 03:50:00,6352.3,12.0,6.1,67.0,250.0,4.0,1014.0,2024,12,6,3,50,6380.356666666671,4,6981.5,4786.39,7137.6325
2024-12-06 03:55:00,6322.19,12.0,6.1,67.0,250.0,4.0,1014.0,2024,12,6,3,55,6352.196666666671,4,6881.63,4774.74,7101.142500000001
2024-12-06 04:00:00,6312.44,12.0,6.1,67.0,250.0,4.0,1014.0,2024,12,6,4,0,6328.976666666672,4,6867.37,4747.99,7068.179166666666
2024-12-06 04:05:00,6252.67,12.0,6.1,67.0,250.0,4.0,1014.0,2024,12,6,4,5,6295.766666666671,4,6848.11,4729.84,7034.598333333334
2024-12-06 04:10:00,6209.57,12.0,6.1,67.0,250.0,4.0,1014.0,2024,12,6,4,10,6258.226666666672,4,6823.59,4705.68,7003.010833333334
2024-12-06 04:15:00,6184.16,12.0,6.1,67.0,250.0,4.0,1014.0,2024,12,6,4,15,6215.466666666672,4,6800.0,4692.21,6973.395833333333
2024-12-06 04:20:00,6154.6,12.0,6.1,67.0,250.0,4.0,1014.0,2024,12,6,4,20,6182.776666666672,4,6804.65,4663.05,6944.500833333334
2024-12-06 04:25:00,6134.05,12.0,6.1,67.0,250.0,4.0,1014.0,2024,12,6,4,25,6157.603333333339,4,6787.45,4646.99,6916.2175
2024-12-06 04:30:00,6119.09,12.0,6.1,67.0,230.0,1.8,1013.0,2024,12,6,4,30,6135.913333333338,4,6772.08,4648.66,6889.329166666666
2024-12-06 04:35:00,6085.38,12.0,6.1,67.0,230.0,1.8,1013.0,2024,12,6,4,35,6112.840000000005,4,6741.12,4638.73,6863.149166666666
2024-12-06 04:40:00,6047.74,12.0,6.1,67.0,230.0,1.8,1013.0,2024,12,6,4,40,6084.070000000004,4,6733.84,4619.06,6838.91
2024-12-06 04:45:00,6025.15,12.0,6.1,67.0,230.0,1.8,1013.0,2024,12,6,4,45,6052.756666666672,4,6701.2,4611.66,6811.878333333333
2024-12-06 04:50:00,5996.82,12.0,6.1,67.0,230.0,1.8,1013.0,2024,12,6,4,50,6023.236666666671,4,6682.6,4583.24,6786.97
2024-12-06 04:55:00,5963.11,12.0,6.1,67.0,230.0,1.8,1013.0,2024,12,6,4,55,5995.026666666671,4,6654.53,4575.67,6768.044999999999
2024-12-06 05:00:00,5929.54,12.0,6.1,67.0,230.0,1.8,1013.0,2024,12,6,5,0,5963.156666666672,4,6603.51,4558.72,6746.056666666666
2024-12-06 05:05:00,5877.94,12.0,6.1,67.0,230.0,1.8,1013.0,2024,12,6,5,5,5923.530000000005,4,6590.06,4538.34,6724.552500000001
2024-12-06 05:10:00,5836.31,12.0,6.1,67.0,230.0,1.8,1013.0,2024,12,6,5,10,5881.263333333339,4,6563.24,4529.53,6702.856666666667
2024-12-06 05:15:00,5803.4,12.0,6.1,67.0,230.0,1.8,1013.0,2024,12,6,5,15,5839.216666666672,4,6534.97,4503.2,6680.770833333333
2024-12-06 05:20:00,5752.17,12.0,6.1,67.0,230.0,1.8,1013.0,2024,12,6,5,20,5797.2933333333385,4,6520.56,4487.4,6657.096666666665
2024-12-06 05:25:00,5718.37,12.0,6.1,67.0,230.0,1.8,1013.0,2024,12,6,5,25,5757.980000000004,4,6503.24,4473.3,6633.412499999999
2024-12-06 05:30:00,5675.31,12.0,7.1,72.0,221.0,1.8,1014.0,2024,12,6,5,30,5715.283333333337,4,6459.62,4441.77,6607.374166666666
2024-12-06 05:35:00,5622.64,12.0,7.1,72.0,221.0,1.8,1014.0,2024,12,6,5,35,5672.106666666671,4,6451.87,4409.09,6583.27
2024-12-06 05:40:00,5579.07,12.0,7.1,72.0,221.0,1.8,1014.0,2024,12,6,5,40,5625.673333333339,4,6406.67,4405.57,6556.005833333334
2024-12-06 05:45:00,5537.82,12.0,7.1,72.0,221.0,1.8,1014.0,2024,12,6,5,45,5579.843333333338,4,6382.1,4376.51,6529.4141666666665
2024-12-06 05:50:00,5488.85,12.0,7.1,72.0,221.0,1.8,1014.0,2024,12,6,5,50,5535.246666666672,4,6352.3,4352.43,6501.889166666667
2024-12-06 05:55:00,5483.51,12.0,7.1,72.0,221.0,1.8,1014.0,2024,12,6,5,55,5503.393333333338,4,6322.19,4341.18,6474.194166666667
2024-12-06 06:00:00,5432.94,12.0,7.1,72.0,221.0,1.8,1014.0,2024,12,6,6,0,5468.433333333339,4,6312.44,4294.0,6449.938333333334
2024-12-06 06:05:00,5379.88,12.0,7.1,72.0,221.0,1.8,1014.0,2024,12,6,6,5,5432.110000000004,4,6252.67,4290.55,6421.822499999999
2024-12-06 06:10:00,5336.8,12.0,7.1,72.0,221.0,1.8,1014.0,2024,12,6,6,10,5383.2066666666715,4,6209.57,4269.12,6392.349999999999
2024-12-06 06:15:00,5349.05,12.0,7.1,72.0,221.0,1.8,1014.0,2024,12,6,6,15,5355.243333333338,4,6184.16,4245.52,6363.115833333333
2024-12-06 06:20:00,5322.62,12.0,7.1,72.0,221.0,1.8,1014.0,2024,12,6,6,20,5336.156666666671,4,6154.6,4259.82,6332.619166666667
2024-12-06 06:25:00,5280.79,12.0,7.1,72.0,221.0,1.8,1014.0,2024,12,6,6,25,5317.486666666671,4,6134.05,4253.94,6301.8533333333335
2024-12-06 06:30:00,5269.67,12.0,4.9,62.0,232.0,4.0,1014.0,2024,12,6,6,30,5291.026666666672,4,6119.09,4250.8,6273.475833333334
2024-12-06 06:35:00,5239.49,12.0,4.9,62.0,232.0,4.0,1014.0,2024,12,6,6,35,5263.316666666672,4,6085.38,4244.13,6242.935
2024-12-06 06:40:00,5226.21,12.0,4.9,62.0,232.0,4.0,1014.0,2024,12,6,6,40,5245.1233333333375,4,6047.74,4210.81,6213.024166666666
2024-12-06 06:45:00,5193.52,12.0,4.9,62.0,232.0,4.0,1014.0,2024,12,6,6,45,5219.740000000005,4,6025.15,4199.82,6183.278333333335
2024-12-06 06:50:00,5178.04,12.0,4.9,62.0,232.0,4.0,1014.0,2024,12,6,6,50,5199.256666666672,4,5996.82,4216.18,6153.655
2024-12-06 06:55:00,5172.6,12.0,4.9,62.0,232.0,4.0,1014.0,2024,12,6,6,55,5181.386666666672,4,5963.11,4188.65,6123.731666666667
2024-12-06 07:00:00,5151.48,12.0,4.9,62.0,232.0,4.0,1014.0,2024,12,6,7,0,5167.3733333333375,4,5929.54,4163.79,6091.823333333333
2024-12-06 07:05:00,5099.77,12.0,4.9,62.0,232.0,4.0,1014.0,2024,12,6,7,5,5141.283333333337,4,5877.94,4161.48,6060.595833333333
2024-12-06 07:10:00,5132.97,12.0,4.9,62.0,232.0,4.0,1014.0,2024,12,6,7,10,5128.073333333338,4,5836.31,4158.18,6029.490833333333
2024-12-06 07:15:00,5127.09,12.0,4.9,62.0,232.0,4.0,1014.0,2024,12,6,7,15,5119.943333333339,4,5803.4,4129.26,5997.760833333334
2024-12-06 07:20:00,5132.61,12.0,4.9,62.0,232.0,4.0,1014.0,2024,12,6,7,20,5130.890000000006,4,5752.17,4140.66,5964.224999999999
2024-12-06 07:25:00,5109.51,12.0,4.9,62.0,232.0,4.0,1014.0,2024,12,6,7,25,5123.070000000004,4,5718.37,4123.99,5929.585
2024-12-06 07:30:00,5095.14,12.0,4.9,62.0,270.0,9.0,1015.0,2024,12,6,7,30,5112.420000000005,4,5675.31,4113.05,5892.603333333333
2024-12-06 07:35:00,5078.57,12.0,4.9,62.0,270.0,9.0,1015.0,2024,12,6,7,35,5094.406666666672,4,5622.64,4101.3,5854.041666666667
2024-12-06 07:40:00,5104.35,12.0,4.9,62.0,270.0,9.0,1015.0,2024,12,6,7,40,5092.686666666671,4,5579.07,4085.69,5814.985833333333
2024-12-06 07:45:00,5046.97,12.0,4.9,62.0,270.0,9.0,1015.0,2024,12,6,7,45,5076.630000000005,4,5537.82,4081.05,5774.375
2024-12-06 07:50:00,5098.17,12.0,4.9,62.0,270.0,9.0,1015.0,2024,12,6,7,50,5083.163333333338,4,5488.85,4053.75,5732.044166666667
2024-12-06 07:55:00,5073.8,12.0,4.9,62.0,270.0,9.0,1015.0,2024,12,6,7,55,5072.980000000005,4,5483.51,4039.53,5692.077499999999
2024-12-06 08:00:00,5111.3,12.0,4.9,62.0,270.0,9.0,1015.0,2024,12,6,8,0,5094.423333333339,4,5432.94,4069.07,5650.694166666667
2024-12-06 08:05:00,5072.31,12.0,4.9,62.0,270.0,9.0,1015.0,2024,12,6,8,5,5085.803333333338,4,5379.88,4088.44,5609.189166666666
2024-12-06 08:10:00,5060.22,12.0,4.9,62.0,270.0,9.0,1015.0,2024,12,6,8,10,5081.276666666672,4,5336.8,4084.63,5567.563333333333
2024-12-06 08:15:00,5097.49,12.0,4.9,62.0,270.0,9.0,1015.0,2024,12,6,8,15,5076.673333333339,4,5349.05,4052.68,5529.700833333333
2024-12-06 08:20:00,5137.81,12.0,4.9,62.0,270.0,9.0,1015.0,2024,12,6,8,20,5098.506666666672,4,5322.62,4047.1,5493.905
2024-12-06 08:25:00,5109.71,12.0,4.9,62.0,270.0,9.0,1015.0,2024,12,6,8,25,5115.003333333338,4,5280.79,4051.23,5457.4400000000005
2024-12-06 08:30:00,5124.11,16.0,7.0,55.0,240.0,7.0,1016.0,2024,12,6,8,30,5123.876666666672,4,5269.67,4056.41,5423.636666666666
2024-12-06 08:35:00,5142.23,16.0,7.0,55.0,240.0,7.0,1016.0,2024,12,6,8,35,5125.350000000005,4,5239.49,4037.7,5391.7074999999995
2024-12-06 08:40:00,5159.35,16.0,7.0,55.0,240.0,7.0,1016.0,2024,12,6,8,40,5141.896666666672,4,5226.21,4057.27,5362.3025
2024-12-06 08:45:00,5151.94,16.0,7.0,55.0,240.0,7.0,1016.0,2024,12,6,8,45,5151.173333333339,4,5193.52,4030.97,5333.610833333333
2024-12-06 08:50:00,5173.35,16.0,7.0,55.0,240.0,7.0,1016.0,2024,12,6,8,50,5161.546666666672,4,5178.04,4028.68,5307.71
2024-12-06 08:55:00,5207.36,16.0,7.0,55.0,240.0,7.0,1016.0,2024,12,6,8,55,5177.550000000005,4,5172.6,4056.72,5281.800833333334
2024-12-06 09:00:00,5233.21,16.0,7.0,55.0,240.0,7.0,1016.0,2024,12,6,9,0,5204.640000000004,4,5151.48,4027.33,5258.345833333333
2024-12-06 09:05:00,5333.23,16.0,7.0,55.0,240.0,7.0,1016.0,2024,12,6,9,5,5257.933333333338,4,5099.77,4037.93,5235.003333333333
2024-12-06 09:10:00,5365.27,16.0,7.0,55.0,240.0,7.0,1016.0,2024,12,6,9,10,5310.570000000004,4,5132.97,4023.86,5218.0175
2024-12-06 09:15:00,5463.49,16.0,7.0,55.0,240.0,7.0,1016.0,2024,12,6,9,15,5387.330000000005,4,5127.09,4076.44,5199.520833333333
2024-12-06 09:20:00,5515.26,16.0,7.0,55.0,240.0,7.0,1016.0,2024,12,6,9,20,5448.006666666672,4,5132.61,4115.04,5183.6866666666665
2024-12-06 09:25:00,5639.72,16.0,7.0,55.0,240.0,7.0,1016.0,2024,12,6,9,25,5539.490000000005,4,5109.51,4165.5,5169.413333333333
2024-12-06 09:30:00,5654.11,18.0,4.9,42.0,260.0,7.0,1016.0,2024,12,6,9,30,5603.030000000005,4,5095.14,4207.67,5154.869166666666
2024-12-06 09:35:00,5705.12,18.0,4.9,42.0,260.0,7.0,1016.0,2024,12,6,9,35,5666.316666666672,4,5078.57,4212.49,5141.4591666666665
2024-12-06 09:40:00,5699.48,18.0,4.9,42.0,260.0,7.0,1016.0,2024,12,6,9,40,5686.236666666671,4,5104.35,4226.3,5131.304166666667
2024-12-06 09:45:00,5793.02,18.0,4.9,42.0,260.0,7.0,1016.0,2024,12,6,9,45,5732.5400000000045,4,5046.97,4273.5,5119.091666666666
2024-12-06 09:50:00,5845.7,18.0,4.9,42.0,260.0,7.0,1016.0,2024,12,6,9,50,5779.400000000005,4,5098.17,4269.48,5112.435833333333
2024-12-06 09:55:00,5851.19,18.0,4.9,42.0,260.0,7.0,1016.0,2024,12,6,9,55,5829.970000000005,4,5073.8,4309.2,5104.2025
2024-12-06 10:00:00,5924.72,18.0,4.9,42.0,260.0,7.0,1016.0,2024,12,6,10,0,5873.870000000005,4,5111.3,4338.79,5100.854166666667
2024-12-06 10:05:00,5974.58,18.0,4.9,42.0,260.0,7.0,1016.0,2024,12,6,10,5,5916.8300000000045,4,5072.31,4344.87,5098.565833333333
2024-12-06 10:10:00,6038.86,18.0,4.9,42.0,260.0,7.0,1016.0,2024,12,6,10,10,5979.386666666672,4,5060.22,4372.3,5092.503333333333
2024-12-06 10:15:00,6041.16,18.0,4.9,42.0,260.0,7.0,1016.0,2024,12,6,10,15,6018.200000000004,4,5097.49,4399.23,5090.036666666667
2024-12-06 10:20:00,6156.48,18.0,4.9,42.0,260.0,7.0,1016.0,2024,12,6,10,20,6078.8333333333385,4,5137.81,4442.2,5090.47
2024-12-06 10:25:00,6191.78,18.0,4.9,42.0,260.0,7.0,1016.0,2024,12,6,10,25,6129.806666666671,4,5109.71,4448.35,5090.486666666667
2024-12-06 10:30:00,6194.0,21.0,5.0,35.0,290.0,7.0,1016.0,2024,12,6,10,30,6180.753333333338,4,5124.11,4469.22,5092.900833333334
2024-12-06 10:35:00,6241.92,21.0,5.0,35.0,290.0,7.0,1016.0,2024,12,6,10,35,6209.233333333338,4,5142.23,4495.45,5098.205833333333
2024-12-06 10:40:00,6253.19,21.0,5.0,35.0,290.0,7.0,1016.0,2024,12,6,10,40,6229.703333333338,4,5159.35,4524.03,5102.7891666666665
2024-12-06 10:45:00,6303.93,21.0,5.0,35.0,290.0,7.0,1016.0,2024,12,6,10,45,6266.346666666672,4,5151.94,4523.28,5111.536666666667
2024-12-06 10:50:00,6353.23,21.0,5.0,35.0,290.0,7.0,1016.0,2024,12,6,10,50,6303.450000000004,4,5173.35,4571.05,5117.801666666667
2024-12-06 10:55:00,6363.0,21.0,5.0,35.0,290.0,7.0,1016.0,2024,12,6,10,55,6340.053333333338,4,5207.36,4573.06,5128.931666666666
2024-12-06 11:00:00,6375.31,21.0,5.0,35.0,290.0,7.0,1016.0,2024,12,6,11,0,6363.846666666672,4,5233.21,4611.35,5139.090833333333
2024-12-06 11:05:00,6444.75,21.0,5.0,35.0,290.0,7.0,1016.0,2024,12,6,11,5,6394.353333333339,4,5333.23,4645.7,5160.8341666666665
2024-12-06 11:10:00,6467.3,21.0,5.0,35.0,290.0,7.0,1016.0,2024,12,6,11,10,6429.120000000005,4,5365.27,4634.72,5186.255
2024-12-06 11:15:00,6467.11,21.0,5.0,35.0,290.0,7.0,1016.0,2024,12,6,11,15,6459.720000000005,4,5463.49,4681.64,5216.755
2024-12-06 11:20:00,6475.49,21.0,5.0,35.0,290.0,7.0,1016.0,2024,12,6,11,20,6469.966666666671,4,5515.26,4670.89,5248.2091666666665
2024-12-06 11:25:00,6523.82,21.0,5.0,35.0,290.0,7.0,1016.0,2024,12,6,11,25,6488.806666666671,4,5639.72,4703.82,5292.376666666666
2024-12-06 11:30:00,6526.93,22.0,4.1,31.0,280.0,9.0,1015.0,2024,12,6,11,30,6508.7466666666705,4,5654.11,4703.25,5336.543333333333
2024-12-06 11:35:00,6538.81,22.0,4.1,31.0,280.0,9.0,1015.0,2024,12,6,11,35,6529.853333333339,4,5705.12,4708.65,5383.450833333333
2024-12-06 11:40:00,6567.17,22.0,4.1,31.0,280.0,9.0,1015.0,2024,12,6,11,40,6544.30333333334,4,5699.48,4705.26,5428.461666666667
2024-12-06 11:45:00,6555.74,22.0,4.1,31.0,280.0,9.0,1015.0,2024,12,6,11,45,6553.906666666672,4,5793.02,4733.41,5481.884999999999
2024-12-06 11:50:00,6589.59,22.0,4.1,31.0,280.0,9.0,1015.0,2024,12,6,11,50,6570.8333333333385,4,5845.7,4766.67,5537.9141666666665
2024-12-06 11:55:00,6656.98,22.0,4.1,31.0,280.0,9.0,1015.0,2024,12,6,11,55,6600.770000000004,4,5851.19,4783.26,5591.566666666667
2024-12-06 12:00:00,6657.66,22.0,4.1,31.0,280.0,9.0,1015.0,2024,12,6,12,0,6634.743333333338,4,5924.72,4801.29,5649.1925
2024-12-06 12:05:00,6674.21,22.0,4.1,31.0,280.0,9.0,1015.0,2024,12,6,12,5,6662.950000000004,4,5974.58,4823.04,5702.638333333333
2024-12-06 12:10:00,6699.15,22.0,4.1,31.0,280.0,9.0,1015.0,2024,12,6,12,10,6677.006666666672,4,6038.86,4845.98,5758.770833333333
2024-12-06 12:15:00,6734.19,22.0,4.1,31.0,280.0,9.0,1015.0,2024,12,6,12,15,6702.516666666671,4,6041.16,4842.79,5806.91
2024-12-06 12:20:00,6751.92,22.0,4.1,31.0,280.0,9.0,1015.0,2024,12,6,12,20,6728.4200000000055,4,6156.48,4843.1,5860.345
2024-12-06 12:25:00,6813.8,22.0,4.1,31.0,280.0,9.0,1015.0,2024,12,6,12,25,6766.636666666672,4,6191.78,4878.56,5906.349999999999
2024-12-06 12:30:00,6833.76,23.0,3.0,27.0,290.0,13.0,1014.0,2024,12,6,12,30,6799.826666666671,4,6194.0,4921.01,5951.340833333333
2024-12-06 12:35:00,6850.45,23.0,3.0,27.0,290.0,13.0,1014.0,2024,12,6,12,35,6832.6700000000055,4,6241.92,4912.97,5996.074166666666
2024-12-06 12:40:00,6876.1,23.0,3.0,27.0,290.0,13.0,1014.0,2024,12,6,12,40,6853.436666666672,4,6253.19,4953.99,6042.216666666666
2024-12-06 12:45:00,6870.04,23.0,3.0,27.0,290.0,13.0,1014.0,2024,12,6,12,45,6865.530000000005,4,6303.93,4937.75,6084.7925000000005
2024-12-06 12:50:00,6572.02,23.0,3.0,27.0,290.0,13.0,1014.0,2024,12,6,12,50,6772.720000000005,4,6353.23,4950.19,6127.086666666666
2024-12-06 12:55:00,6536.38,23.0,3.0,27.0,290.0,13.0,1014.0,2024,12,6,12,55,6659.480000000006,4,6363.0,4988.64,6169.7375
2024-12-06 13:00:00,6518.02,23.0,3.0,27.0,290.0,13.0,1014.0,2024,12,6,13,0,6542.140000000004,4,6375.31,4978.27,6207.286666666667
2024-12-06 13:05:00,6449.03,23.0,3.0,27.0,290.0,13.0,1014.0,2024,12,6,13,5,6501.143333333338,4,6444.75,4921.61,6246.4675
2024-12-06 13:10:00,6443.18,23.0,3.0,27.0,290.0,13.0,1014.0,2024,12,6,13,10,6470.076666666671,4,6467.3,4925.94,6282.170833333334
2024-12-06 13:15:00,6484.38,23.0,3.0,27.0,290.0,13.0,1014.0,2024,12,6,13,15,6458.863333333338,4,6467.11,4914.17,6317.666666666667
2024-12-06 13:20:00,6484.72,23.0,3.0,27.0,290.0,13.0,1014.0,2024,12,6,13,20,6470.760000000006,4,6475.49,4956.05,6344.250833333333
2024-12-06 13:25:00,6492.04,23.0,3.0,27.0,290.0,13.0,1014.0,2024,12,6,13,25,6487.046666666672,4,6523.82,4966.38,6371.920833333334
2024-12-06 13:30:00,6707.16,24.0,2.8,25.0,280.0,13.0,1013.0,2024,12,6,13,30,6561.306666666671,4,6526.93,4955.83,6399.665
2024-12-06 13:35:00,6798.41,24.0,2.8,25.0,280.0,13.0,1013.0,2024,12,6,13,35,6665.870000000005,4,6538.81,4989.96,6424.405833333334
2024-12-06 13:40:00,6837.22,24.0,2.8,25.0,280.0,13.0,1013.0,2024,12,6,13,40,6780.930000000005,4,6567.17,5033.99,6450.570833333334
2024-12-06 13:45:00,6913.62,24.0,2.8,25.0,280.0,13.0,1013.0,2024,12,6,13,45,6849.750000000005,4,6555.74,5057.62,6471.554999999999
2024-12-06 13:50:00,6945.13,24.0,2.8,25.0,280.0,13.0,1013.0,2024,12,6,13,50,6898.656666666672,4,6589.59,5098.67,6491.251666666667
2024-12-06 13:55:00,6988.0,24.0,2.8,25.0,280.0,13.0,1013.0,2024,12,6,13,55,6948.9166666666715,4,6656.98,5112.79,6515.75
2024-12-06 14:00:00,7018.2,24.0,2.8,25.0,280.0,13.0,1013.0,2024,12,6,14,0,6983.776666666672,4,6657.66,5168.64,6539.279166666667
2024-12-06 14:05:00,7313.7,24.0,2.8,25.0,280.0,13.0,1013.0,2024,12,6,14,5,7106.633333333338,4,6674.21,5190.82,6558.400833333333
2024-12-06 14:10:00,7144.52,24.0,2.8,25.0,280.0,13.0,1013.0,2024,12,6,14,10,7158.806666666671,4,6699.15,5217.55,6577.721666666667
2024-12-06 14:15:00,7189.59,24.0,2.8,25.0,280.0,13.0,1013.0,2024,12,6,14,15,7215.936666666672,4,6734.19,5248.99,6599.978333333333
2024-12-06 14:20:00,7436.15,24.0,2.8,25.0,280.0,13.0,1013.0,2024,12,6,14,20,7256.753333333338,4,6751.92,5272.6,6623.014166666667
2024-12-06 14:25:00,7423.1,24.0,2.8,25.0,280.0,13.0,1013.0,2024,12,6,14,25,7349.613333333338,4,6813.8,5293.72,6647.179166666666
2024-12-06 14:30:00,7442.1,24.0,3.8,27.0,280.0,17.0,1012.0,2024,12,6,14,30,7433.783333333337,4,6833.76,5303.38,6672.748333333334
2024-12-06 14:35:00,7497.14,24.0,3.8,27.0,280.0,17.0,1012.0,2024,12,6,14,35,7454.113333333339,4,6850.45,5363.17,6698.718333333333
2024-12-06 14:40:00,7479.1,24.0,3.8,27.0,280.0,17.0,1012.0,2024,12,6,14,40,7472.780000000005,4,6876.1,5363.54,6724.462499999999
2024-12-06 14:45:00,7521.78,24.0,3.8,27.0,280.0,17.0,1012.0,2024,12,6,14,45,7499.340000000005,4,6870.04,5378.46,6750.654166666667
2024-12-06 14:50:00,7516.37,24.0,3.8,27.0,280.0,17.0,1012.0,2024,12,6,14,50,7505.750000000005,4,6572.02,5429.19,6749.19
2024-12-06 14:55:00,7563.8125,24.0,3.8,27.0,280.0,17.0,1012.0,2024,12,6,14,55,7542.466666666672,4,6536.38,5441.84,6739.139999999999
2024-12-06 15:00:00,7563.8125,24.0,3.8,27.0,280.0,17.0,1012.0,2024,12,6,15,0,7584.536666666671,4,6518.02,5429.58,6727.503333333333
2024-12-06 15:05:00,7563.8125,24.0,3.8,27.0,280.0,17.0,1012.0,2024,12,6,15,5,7624.020000000004,4,6449.03,5441.29,6708.738333333334
2024-12-06 15:10:00,7563.8125,24.0,3.8,27.0,280.0,17.0,1012.0,2024,12,6,15,10,7651.026666666672,4,6443.18,5502.9,6687.4075
2024-12-06 15:15:00,7563.8125,24.0,3.8,27.0,280.0,17.0,1012.0,2024,12,6,15,15,7669.606666666671,4,6484.38,5471.09,6666.59
2024-12-06 15:20:00,7563.8125,24.0,3.8,27.0,280.0,17.0,1012.0,2024,12,6,15,20,7692.813333333338,4,6484.72,5486.61,6644.323333333334
2024-12-06 15:25:00,7563.8125,24.0,3.8,27.0,280.0,17.0,1012.0,2024,12,6,15,25,7709.603333333337,4,6492.04,5507.04,6617.510000000001
2024-12-06 15:30:00,7563.8125,24.0,2.8,25.0,280.0,15.0,1012.0,2024,12,6,15,30,7716.216666666672,4,6707.16,5491.12,6606.959999999999
2024-12-06 15:35:00,7563.8125,24.0,2.8,25.0,280.0,15.0,1012.0,2024,12,6,15,35,7720.666666666672,4,6798.41,5519.56,6602.623333333333
2024-12-06 15:40:00,7563.8125,24.0,2.8,25.0,280.0,15.0,1012.0,2024,12,6,15,40,7726.2900000000045,4,6837.22,5467.77,6599.383333333334
2024-12-06 15:45:00,7563.8125,24.0,2.8,25.0,280.0,15.0,1012.0,2024,12,6,15,45,7717.366666666671,4,6913.62,5460.83,6603.014999999999
2024-12-06 15:50:00,7563.8125,24.0,2.8,25.0,280.0,15.0,1012.0,2024,12,6,15,50,7697.760000000005,4,6945.13,5409.12,6634.107499999999
2024-12-06 15:55:00,7563.8125,24.0,2.8,25.0,280.0,15.0,1012.0,2024,12,6,15,55,7658.420000000005,4,6988.0,5456.67,6671.7425
2024-12-06 16:00:00,7563.8125,24.0,2.8,25.0,280.0,15.0,1012.0,2024,12,6,16,0,7618.853333333339,4,7018.2,5441.75,6713.424166666667
2024-12-06 16:05:00,7563.8125,24.0,2.8,25.0,280.0,15.0,1012.0,2024,12,6,16,5,7601.460000000004,4,7313.7,5389.51,6785.4800000000005
2024-12-06 16:10:00,7563.8125,24.0,2.8,25.0,280.0,15.0,1012.0,2024,12,6,16,10,7588.616666666672,4,7144.52,5413.12,6843.924999999999
2024-12-06 16:15:00,7554.61,24.0,2.8,25.0,280.0,15.0,1012.0,2024,12,6,16,15,7580.786666666671,4,7189.59,5343.23,6902.6925
2024-12-06 16:20:00,7527.33,24.0,2.8,25.0,280.0,15.0,1012.0,2024,12,6,16,20,7554.300000000006,4,7436.15,5432.76,6981.9783333333335
2024-12-06 16:25:00,7526.4,24.0,2.8,25.0,280.0,15.0,1012.0,2024,12,6,16,25,7536.113333333338,4,7423.1,5361.99,7059.566666666666
2024-12-06 16:30:00,7510.99,22.0,3.1,29.0,290.0,13.0,1012.0,2024,12,6,16,30,7521.573333333338,4,7442.1,5341.3,7120.811666666667
2024-12-06 16:35:00,7504.4,22.0,3.1,29.0,290.0,13.0,1012.0,2024,12,6,16,35,7513.930000000005,4,7497.14,5365.55,7179.0391666666665
2024-12-06 16:40:00,7429.42,22.0,3.1,29.0,290.0,13.0,1012.0,2024,12,6,16,40,7481.603333333337,4,7479.1,5313.05,7232.529166666667
2024-12-06 16:45:00,7435.21,22.0,3.1,29.0,290.0,13.0,1012.0,2024,12,6,16,45,7456.343333333338,4,7521.78,5317.44,7283.209166666667
2024-12-06 16:50:00,7397.15,22.0,3.1,29.0,290.0,13.0,1012.0,2024,12,6,16,50,7420.593333333338,4,7516.37,5263.8,7330.8125
2024-12-06 16:55:00,7365.92,22.0,3.1,29.0,290.0,13.0,1012.0,2024,12,6,16,55,7399.426666666671,4,7563.8125,5237.01,7378.796875
2024-12-06 17:00:00,7329.64,22.0,3.1,29.0,290.0,13.0,1012.0,2024,12,6,17,0,7364.236666666671,4,7563.8125,5257.1,7424.264583333334
2024-12-06 17:05:00,7274.1,22.0,3.1,29.0,290.0,13.0,1012.0,2024,12,6,17,5,7323.220000000005,4,7563.8125,5223.87,7445.107291666667
2024-12-06 17:10:00,7249.42,22.0,3.1,29.0,290.0,13.0,1012.0,2024,12,6,17,10,7284.386666666673,4,7563.8125,5242.08,7480.048333333333
2024-12-06 17:15:00,7170.64,22.0,3.1,29.0,290.0,13.0,1012.0,2024,12,6,17,15,7231.386666666672,4,7563.8125,5129.47,7511.233541666666
2024-12-06 17:20:00,7170.32,22.0,3.1,29.0,290.0,13.0,1012.0,2024,12,6,17,20,7196.7933333333385,4,7563.8125,5158.99,7521.872083333333
2024-12-06 17:25:00,7127.28,22.0,3.1,29.0,290.0,13.0,1012.0,2024,12,6,17,25,7156.0800000000045,4,7563.8125,5124.73,7533.5981249999995
2024-12-06 17:30:00,7030.86,19.0,3.2,35.0,290.0,9.0,1012.0,2024,12,6,17,30,7109.486666666671,4,7563.8125,5147.81,7543.740833333333
2024-12-06 17:35:00,6965.05,19.0,3.2,35.0,290.0,9.0,1012.0,2024,12,6,17,35,7041.063333333339,4,7563.8125,5114.84,7549.296875
2024-12-06 17:40:00,6934.37,19.0,3.2,35.0,290.0,9.0,1012.0,2024,12,6,17,40,6976.760000000005,4,7563.8125,5085.81,7556.35625
2024-12-06 17:45:00,6876.53,19.0,3.2,35.0,290.0,9.0,1012.0,2024,12,6,17,45,6925.31666666667,4,7563.8125,5057.79,7559.858958333333
2024-12-06 17:50:00,6819.39,19.0,3.2,35.0,290.0,9.0,1012.0,2024,12,6,17,50,6876.763333333339,4,7563.8125,5024.68,7563.8125
2024-12-06 17:55:00,6732.02,19.0,3.2,35.0,290.0,9.0,1012.0,2024,12,6,17,55,6809.313333333339,4,7563.8125,4994.46,7563.8125
2024-12-06 18:00:00,6719.61,19.0,3.2,35.0,290.0,9.0,1012.0,2024,12,6,18,0,6757.006666666672,4,7563.8125,5022.17,7563.8125
2024-12-06 18:05:00,6635.56,19.0,3.2,35.0,290.0,9.0,1012.0,2024,12,6,18,5,6695.730000000006,4,7563.8125,5005.99,7563.8125
2024-12-06 18:10:00,6504.79,19.0,3.2,35.0,290.0,9.0,1012.0,2024,12,6,18,10,6619.986666666671,4,7563.8125,4968.21,7563.8125
2024-12-06 18:15:00,6475.33,19.0,3.2,35.0,290.0,9.0,1012.0,2024,12,6,18,15,6538.560000000005,4,7554.61,4952.13,7563.045625
2024-12-06 18:20:00,6488.5,19.0,3.2,35.0,290.0,9.0,1012.0,2024,12,6,18,20,6489.5400000000045,4,7527.33,4936.23,7560.005416666667
2024-12-06 18:25:00,6441.59,19.0,3.2,35.0,290.0,9.0,1012.0,2024,12,6,18,25,6468.473333333338,4,7526.4,4935.8,7556.887708333333
2024-12-06 18:30:00,6423.7,18.0,4.2,40.0,280.0,4.0,1013.0,2024,12,6,18,30,6451.263333333339,4,7510.99,4919.6,7552.485833333333
2024-12-06 18:35:00,6305.31,18.0,4.2,40.0,280.0,4.0,1013.0,2024,12,6,18,35,6390.200000000004,4,7504.4,4925.15,7547.534791666666
2024-12-06 18:40:00,6340.76,18.0,4.2,40.0,280.0,4.0,1013.0,2024,12,6,18,40,6356.590000000005,4,7429.42,4901.97,7536.335416666666
2024-12-06 18:45:00,6307.21,18.0,4.2,40.0,280.0,4.0,1013.0,2024,12,6,18,45,6317.760000000005,4,7435.21,4910.12,7525.618541666667
2024-12-06 18:50:00,6256.48,18.0,4.2,40.0,280.0,4.0,1013.0,2024,12,6,18,50,6301.483333333338,4,7397.15,4888.12,7511.73
2024-12-06 18:55:00,6198.41,18.0,4.2,40.0,280.0,4.0,1013.0,2024,12,6,18,55,6254.033333333337,4,7365.92,4939.79,7495.238958333334
2024-12-06 19:00:00,6217.98,18.0,4.2,40.0,280.0,4.0,1013.0,2024,12,6,19,0,6224.2900000000045,4,7329.64,4887.95,7475.724583333334
2024-12-06 19:05:00,6128.32,18.0,4.2,40.0,280.0,4.0,1013.0,2024,12,6,19,5,6181.570000000004,4,7274.1,4912.79,7451.581875
2024-12-06 19:10:00,6145.5,18.0,4.2,40.0,280.0,4.0,1013.0,2024,12,6,19,10,6163.933333333338,4,7249.42,4927.05,7425.3825
2024-12-06 19:15:00,6134.77,18.0,4.2,40.0,280.0,4.0,1013.0,2024,12,6,19,15,6136.196666666671,4,7170.64,4914.74,7393.384999999999
2024-12-06 19:20:00,6203.43,18.0,4.2,40.0,280.0,4.0,1013.0,2024,12,6,19,20,6161.233333333338,4,7170.32,4950.27,7363.634166666667
2024-12-06 19:25:00,6131.61,18.0,4.2,40.0,280.0,4.0,1013.0,2024,12,6,19,25,6156.603333333339,4,7127.28,4994.38,7330.374166666667
2024-12-06 19:30:00,6146.09,16.0,6.1,52.0,290.0,6.0,1013.0,2024,12,6,19,30,6160.376666666672,4,7030.86,5006.78,7290.363333333334
2024-12-06 19:35:00,6183.35,16.0,6.1,52.0,290.0,6.0,1013.0,2024,12,6,19,35,6153.683333333339,4,6965.05,4999.06,7245.4175000000005
2024-12-06 19:40:00,6199.39,16.0,6.1,52.0,290.0,6.0,1013.0,2024,12,6,19,40,6176.276666666672,4,6934.37,5037.76,7204.163333333333
2024-12-06 19:45:00,6136.21,16.0,6.1,52.0,290.0,6.0,1013.0,2024,12,6,19,45,6172.983333333338,4,6876.53,5019.13,7157.606666666667
2024-12-06 19:50:00,6206.52,16.0,6.1,52.0,290.0,6.0,1013.0,2024,12,6,19,50,6180.706666666672,4,6819.39,5054.12,7109.46
2024-12-06 19:55:00,6229.88,16.0,6.1,52.0,290.0,6.0,1013.0,2024,12,6,19,55,6190.870000000005,4,6732.02,5039.91,7056.634999999999
2024-12-06 20:00:00,6197.28,16.0,6.1,52.0,290.0,6.0,1013.0,2024,12,6,20,0,6211.226666666672,4,6719.61,5098.34,7005.799166666667
2024-12-06 20:05:00,6217.3,16.0,6.1,52.0,290.0,6.0,1013.0,2024,12,6,20,5,6214.820000000004,4,6635.56,5081.15,6952.587500000001
2024-12-06 20:10:00,6248.3,16.0,6.1,52.0,290.0,6.0,1013.0,2024,12,6,20,10,6220.960000000004,4,6504.79,5067.23,6890.535000000001
2024-12-06 20:15:00,6275.99,16.0,6.1,52.0,290.0,6.0,1013.0,2024,12,6,20,15,6247.196666666671,4,6475.33,5084.89,6832.5925
2024-12-06 20:20:00,6303.66,16.0,6.1,52.0,290.0,6.0,1013.0,2024,12,6,20,20,6275.983333333338,4,6488.5,5055.84,6775.774166666666
2024-12-06 20:25:00,6317.15,16.0,6.1,52.0,290.0,6.0,1013.0,2024,12,6,20,25,6298.933333333338,4,6441.59,5129.62,6718.633333333334
2024-12-06 20:30:00,6317.58,16.0,5.0,48.0,271.0,4.0,1013.0,2024,12,6,20,30,6312.796666666672,4,6423.7,5112.96,6668.036666666667
2024-12-06 20:35:00,6319.43,16.0,5.0,48.0,271.0,4.0,1013.0,2024,12,6,20,35,6318.053333333338,4,6305.31,5125.78,6613.058333333333
2024-12-06 20:40:00,6350.06,16.0,5.0,48.0,271.0,4.0,1013.0,2024,12,6,20,40,6329.023333333338,4,6340.76,5174.13,6563.590833333333
2024-12-06 20:45:00,6354.67,16.0,5.0,48.0,271.0,4.0,1013.0,2024,12,6,20,45,6341.386666666672,4,6307.21,5174.28,6516.1475
2024-12-06 20:50:00,6411.82,16.0,5.0,48.0,271.0,4.0,1013.0,2024,12,6,20,50,6372.183333333338,4,6256.48,5188.39,6469.238333333334
2024-12-06 20:55:00,6418.07,16.0,5.0,48.0,271.0,4.0,1013.0,2024,12,6,20,55,6394.853333333337,4,6198.41,5187.69,6424.770833333333
2024-12-06 21:00:00,6493.36,16.0,5.0,48.0,271.0,4.0,1013.0,2024,12,6,21,0,6441.0833333333385,4,6217.98,5212.16,6382.968333333333
2024-12-06 21:05:00,6492.65,16.0,5.0,48.0,271.0,4.0,1013.0,2024,12,6,21,5,6468.026666666672,4,6128.32,5282.27,6340.698333333334
2024-12-06 21:10:00,6537.02,16.0,5.0,48.0,271.0,4.0,1013.0,2024,12,6,21,10,6507.676666666671,4,6145.5,5240.4,6310.7575
2024-12-06 21:15:00,6570.41,16.0,5.0,48.0,271.0,4.0,1013.0,2024,12,6,21,15,6533.360000000005,4,6134.77,5288.12,6282.3775
2024-12-06 21:20:00,6633.56,16.0,5.0,48.0,271.0,4.0,1013.0,2024,12,6,21,20,6580.330000000005,4,6203.43,5321.89,6258.621666666667
2024-12-06 21:25:00,6668.07,16.0,5.0,48.0,271.0,4.0,1013.0,2024,12,6,21,25,6624.013333333339,4,6131.61,5360.8,6232.79
2024-12-06 21:30:00,6743.04,15.0,4.9,51.0,346.0,1.8,1014.0,2024,12,6,21,30,6681.556666666671,4,6146.09,5441.04,6209.655833333333
2024-12-06 21:35:00,6803.43,15.0,4.9,51.0,346.0,1.8,1014.0,2024,12,6,21,35,6738.180000000005,4,6183.35,5443.1,6199.4925
2024-12-06 21:40:00,6875.47,15.0,4.9,51.0,346.0,1.8,1014.0,2024,12,6,21,40,6807.313333333338,4,6199.39,5485.86,6187.711666666667
2024-12-06 21:45:00,6948.82,15.0,4.9,51.0,346.0,1.8,1014.0,2024,12,6,21,45,6875.906666666672,4,6136.21,5514.26,6173.461666666666
2024-12-06 21:50:00,7013.49,15.0,4.9,51.0,346.0,1.8,1014.0,2024,12,6,21,50,6945.926666666671,4,6206.52,5570.08,6169.298333333333
2024-12-06 21:55:00,7066.97,15.0,4.9,51.0,346.0,1.8,1014.0,2024,12,6,21,55,7009.760000000005,4,6229.88,5606.29,6171.920833333334
2024-12-06 22:00:00,7158.89,15.0,4.9,51.0,346.0,1.8,1014.0,2024,12,6,22,0,7079.783333333337,4,6197.28,5643.17,6170.195833333334
2024-12-06 22:05:00,7153.28,15.0,4.9,51.0,346.0,1.8,1014.0,2024,12,6,22,5,7126.380000000005,4,6217.3,5670.68,6177.610833333333
2024-12-06 22:10:00,7174.31,15.0,4.9,51.0,346.0,1.8,1014.0,2024,12,6,22,10,7162.160000000004,4,6248.3,5705.59,6186.177500000001
2024-12-06 22:15:00,7288.55,15.0,4.9,51.0,346.0,1.8,1014.0,2024,12,6,22,15,7205.380000000005,4,6275.99,5744.3,6197.945833333334
2024-12-06 22:20:00,7337.98,15.0,4.9,51.0,346.0,1.8,1014.0,2024,12,6,22,20,7266.946666666671,4,6303.66,5785.17,6206.298333333333
2024-12-06 22:25:00,7386.28,15.0,4.9,51.0,346.0,1.8,1014.0,2024,12,6,22,25,7337.603333333337,4,6317.15,5825.99,6221.759999999999
2024-12-06 22:30:00,7419.1,14.0,5.1,55.0,290.0,6.0,1013.0,2024,12,6,22,30,7381.120000000005,4,6317.58,5862.38,6236.050833333334
2024-12-06 22:35:00,7468.06,14.0,5.1,55.0,290.0,6.0,1013.0,2024,12,6,22,35,7424.480000000006,4,6319.43,5925.61,6247.390833333334
2024-12-06 22:40:00,7514.81,14.0,5.1,55.0,290.0,6.0,1013.0,2024,12,6,22,40,7467.323333333338,4,6350.06,5972.89,6259.946666666667
2024-12-06 22:45:00,7563.8125,14.0,5.1,55.0,290.0,6.0,1013.0,2024,12,6,22,45,7516.466666666672,4,6354.67,5984.23,6278.151666666668
2024-12-06 22:50:00,7563.8125,14.0,5.1,55.0,290.0,6.0,1013.0,2024,12,6,22,50,7551.770000000005,4,6411.82,6000.26,6295.259999999999
2024-12-06 22:55:00,7563.8125,14.0,5.1,55.0,290.0,6.0,1013.0,2024,12,6,22,55,7585.516666666671,4,6418.07,6027.89,6310.9425
2024-12-06 23:00:00,7563.8125,14.0,5.1,55.0,290.0,6.0,1013.0,2024,12,6,23,0,7622.143333333338,4,6493.36,6082.48,6335.615833333333
2024-12-06 23:05:00,7563.8125,14.0,5.1,55.0,290.0,6.0,1013.0,2024,12,6,23,5,7657.786666666671,4,6492.65,6074.21,6358.561666666666
2024-12-06 23:10:00,7563.8125,14.0,5.1,55.0,290.0,6.0,1013.0,2024,12,6,23,10,7682.990000000005,4,6537.02,6095.64,6382.621666666667
2024-12-06 23:15:00,7563.8125,14.0,5.1,55.0,290.0,6.0,1013.0,2024,12,6,23,15,7696.343333333338,4,6570.41,6109.46,6407.156666666667
2024-12-06 23:20:00,7563.8125,14.0,5.1,55.0,290.0,6.0,1013.0,2024,12,6,23,20,7715.303333333338,4,6633.56,6123.8,6434.6483333333335
2024-12-06 23:25:00,7563.8125,14.0,5.1,55.0,290.0,6.0,1013.0,2024,12,6,23,25,7728.686666666672,4,6668.07,6142.45,6463.891666666666
2024-12-06 23:30:00,7563.8125,14.0,5.1,55.0,50.0,0.0,1013.0,2024,12,6,23,30,7733.270000000004,4,6743.04,6148.17,6499.346666666667
2024-12-06 23:35:00,7563.8125,14.0,5.1,55.0,50.0,0.0,1013.0,2024,12,6,23,35,7724.513333333339,4,6803.43,6144.87,6539.679999999999
2024-12-06 23:40:00,7563.8125,14.0,5.1,55.0,50.0,0.0,1013.0,2024,12,6,23,40,7727.353333333337,4,6875.47,6152.53,6583.464166666666
2024-12-06 23:45:00,7563.8125,14.0,5.1,55.0,50.0,0.0,1013.0,2024,12,6,23,45,7737.083333333339,4,6948.82,6155.73,6632.9766666666665
2024-12-06 23:50:00,7563.8125,14.0,5.1,55.0,50.0,0.0,1013.0,2024,12,6,23,50,7739.133333333339,4,7013.49,6151.9,6683.115833333333
2024-12-06 23:55:00,7563.8125,14.0,5.1,55.0,50.0,0.0,1013.0,2024,12,6,23,55,7724.3733333333375,4,7066.97,6144.95,6737.190833333333
2024-12-07 00:00:00,7076.87,14.0,5.1,55.0,50.0,0.0,1013.0,2024,12,7,0,0,7496.860000000005,5,7158.89,7486.09,6792.651666666666
2024-12-07 00:05:00,7013.44,14.0,5.1,55.0,50.0,0.0,1013.0,2024,12,7,0,5,7262.120000000005,5,7153.28,7467.04,6847.704166666667
2024-12-07 00:10:00,6968.71,14.0,5.1,55.0,50.0,0.0,1013.0,2024,12,7,0,10,7019.673333333339,5,7174.31,7477.41,6900.811666666667
2024-12-07 00:15:00,6906.64,14.0,5.1,55.0,50.0,0.0,1013.0,2024,12,7,0,15,6962.930000000005,5,7288.55,7452.61,6960.656666666667
2024-12-07 00:20:00,6869.23,14.0,5.1,55.0,50.0,0.0,1013.0,2024,12,7,0,20,6914.860000000005,5,7337.98,7419.59,7019.358333333334
2024-12-07 00:25:00,6817.69,14.0,5.1,55.0,50.0,0.0,1013.0,2024,12,7,0,25,6864.520000000004,5,7386.28,7421.08,7079.209166666667
2024-12-07 00:30:00,6759.69,13.0,6.1,63.0,61.0,0.0,1013.0,2024,12,7,0,30,6815.536666666671,5,7419.1,7403.44,7135.5475
2024-12-07 00:35:00,6747.24,13.0,6.1,63.0,61.0,0.0,1013.0,2024,12,7,0,35,6774.8733333333375,5,7468.06,7401.54,7190.933333333334
2024-12-07 00:40:00,6691.22,13.0,6.1,63.0,61.0,0.0,1013.0,2024,12,7,0,40,6732.716666666672,5,7514.81,7391.71,7244.211666666667
2024-12-07 00:45:00,6638.7,13.0,6.1,63.0,61.0,0.0,1013.0,2024,12,7,0,45,6692.386666666672,5,7563.8125,7377.45,7295.4610416666665
2024-12-07 00:50:00,6618.25,13.0,6.1,63.0,61.0,0.0,1013.0,2024,12,7,0,50,6649.390000000004,5,7563.8125,7368.87,7341.321250000001
2024-12-07 00:55:00,6555.4,13.0,6.1,63.0,61.0,0.0,1013.0,2024,12,7,0,55,6604.116666666671,5,7563.8125,7319.51,7382.724791666667
2024-12-07 01:00:00,6517.61,13.0,6.1,63.0,61.0,0.0,1013.0,2024,12,7,1,0,6563.753333333338,5,7563.8125,7262.93,7416.468333333334
2024-12-07 01:05:00,6477.66,13.0,6.1,63.0,61.0,0.0,1013.0,2024,12,7,1,5,6516.890000000004,5,7563.8125,7251.08,7450.679375
2024-12-07 01:10:00,6440.19,13.0,6.1,63.0,61.0,0.0,1013.0,2024,12,7,1,10,6478.486666666671,5,7563.8125,7202.64,7483.137916666667
2024-12-07 01:15:00,6389.67,13.0,6.1,63.0,61.0,0.0,1013.0,2024,12,7,1,15,6435.840000000005,5,7563.8125,7155.38,7506.076458333334
2024-12-07 01:20:00,6313.39,13.0,6.1,63.0,61.0,0.0,1013.0,2024,12,7,1,20,6381.0833333333385,5,7563.8125,7151.39,7524.895833333333
2024-12-07 01:25:00,6280.86,13.0,6.1,63.0,61.0,0.0,1013.0,2024,12,7,1,25,6327.973333333339,5,7563.8125,7126.85,7539.690208333333
2024-12-07 01:30:00,6246.85,12.0,6.1,67.0,68.0,0.0,1012.0,2024,12,7,1,30,6280.366666666671,5,7563.8125,7094.74,7551.749583333334
2024-12-07 01:35:00,6231.22,12.0,6.1,67.0,68.0,0.0,1012.0,2024,12,7,1,35,6252.976666666672,5,7563.8125,7055.28,7559.728958333333
2024-12-07 01:40:00,6198.26,12.0,6.1,67.0,68.0,0.0,1012.0,2024,12,7,1,40,6225.443333333339,5,7563.8125,7024.71,7563.8125
2024-12-07 01:45:00,6182.13,12.0,6.1,67.0,68.0,0.0,1012.0,2024,12,7,1,45,6203.870000000005,5,7563.8125,7025.58,7563.8125
2024-12-07 01:50:00,6144.15,12.0,6.1,67.0,68.0,0.0,1012.0,2024,12,7,1,50,6174.846666666672,5,7563.8125,6981.5,7563.8125
2024-12-07 01:55:00,6112.97,12.0,6.1,67.0,68.0,0.0,1012.0,2024,12,7,1,55,6146.4166666666715,5,7563.8125,6881.63,7563.8125
2024-12-07 02:00:00,6083.36,12.0,6.1,67.0,68.0,0.0,1012.0,2024,12,7,2,0,6113.493333333338,5,7076.87,6867.37,7523.233958333333
2024-12-07 02:05:00,6042.68,12.0,6.1,67.0,68.0,0.0,1012.0,2024,12,7,2,5,6079.6700000000055,5,7013.44,6848.11,7477.369583333333
2024-12-07 02:10:00,6014.56,12.0,6.1,67.0,68.0,0.0,1012.0,2024,12,7,2,10,6046.866666666671,5,6968.71,6823.59,7427.777708333332
2024-12-07 02:15:00,5975.17,12.0,6.1,67.0,68.0,0.0,1012.0,2024,12,7,2,15,6010.803333333338,5,6906.64,6800.0,7373.013333333333
2024-12-07 02:20:00,5955.37,12.0,6.1,67.0,68.0,0.0,1012.0,2024,12,7,2,20,5981.700000000004,5,6869.23,6804.65,7315.131458333333
2024-12-07 02:25:00,5926.95,12.0,6.1,67.0,68.0,0.0,1012.0,2024,12,7,2,25,5952.4966666666705,5,6817.69,6787.45,7252.954583333333
2024-12-07 02:30:00,5894.4,12.0,6.1,67.0,210.0,6.0,1012.0,2024,12,7,2,30,5925.573333333338,5,6759.69,6772.08,7185.944374999999
2024-12-07 02:35:00,5863.12,12.0,6.1,67.0,210.0,6.0,1012.0,2024,12,7,2,35,5894.823333333338,5,6747.24,6741.12,7117.8966666666665
2024-12-07 02:40:00,5852.34,12.0,6.1,67.0,210.0,6.0,1012.0,2024,12,7,2,40,5869.953333333338,5,6691.22,6733.84,7045.180625
2024-12-07 02:45:00,5824.81,12.0,6.1,67.0,210.0,6.0,1012.0,2024,12,7,2,45,5846.756666666672,5,6638.7,6701.2,6968.087916666666
2024-12-07 02:50:00,5793.12,12.0,6.1,67.0,210.0,6.0,1012.0,2024,12,7,2,50,5823.423333333339,5,6618.25,6682.6,6889.291041666666
2024-12-07 02:55:00,5784.86,12.0,6.1,67.0,210.0,6.0,1012.0,2024,12,7,2,55,5800.930000000005,5,6555.4,6654.53,6805.256666666667
2024-12-07 03:00:00,5752.04,12.0,6.1,67.0,210.0,6.0,1012.0,2024,12,7,3,0,5776.673333333339,5,6517.61,6603.51,6758.651666666668
2024-12-07 03:05:00,5718.48,12.0,6.1,67.0,210.0,6.0,1012.0,2024,12,7,3,5,5751.7933333333385,5,6477.66,6590.06,6714.003333333333
2024-12-07 03:10:00,5696.78,12.0,6.1,67.0,210.0,6.0,1012.0,2024,12,7,3,10,5722.433333333338,5,6440.19,6563.24,6669.959999999999
2024-12-07 03:15:00,5674.64,12.0,6.1,67.0,210.0,6.0,1012.0,2024,12,7,3,15,5696.633333333338,5,6389.67,6534.97,6626.879166666666
2024-12-07 03:20:00,5656.66,12.0,6.1,67.0,210.0,6.0,1012.0,2024,12,7,3,20,5676.026666666671,5,6313.39,6520.56,6580.559166666666
2024-12-07 03:25:00,5618.35,12.0,6.1,67.0,210.0,6.0,1012.0,2024,12,7,3,25,5649.883333333339,5,6280.86,6503.24,6535.823333333333
2024-12-07 03:30:00,5591.32,12.0,6.1,67.0,270.0,4.0,1012.0,2024,12,7,3,30,5622.110000000005,5,6246.85,6459.62,6493.086666666667
2024-12-07 03:35:00,5570.5,12.0,6.1,67.0,270.0,4.0,1012.0,2024,12,7,3,35,5593.390000000006,5,6231.22,6451.87,6450.085
2024-12-07 03:40:00,5543.79,12.0,6.1,67.0,270.0,4.0,1012.0,2024,12,7,3,40,5568.536666666671,5,6198.26,6406.67,6409.005
2024-12-07 03:45:00,5514.57,12.0,6.1,67.0,270.0,4.0,1012.0,2024,12,7,3,45,5542.953333333338,5,6182.13,6382.1,6370.9575
2024-12-07 03:50:00,5512.52,12.0,6.1,67.0,270.0,4.0,1012.0,2024,12,7,3,50,5523.626666666671,5,6144.15,6352.3,6331.449166666666
2024-12-07 03:55:00,5483.93,12.0,6.1,67.0,270.0,4.0,1012.0,2024,12,7,3,55,5503.673333333339,5,6112.97,6322.19,6294.579999999999
2024-12-07 04:00:00,5463.5,12.0,6.1,67.0,270.0,4.0,1012.0,2024,12,7,4,0,5486.650000000005,5,6083.36,6312.44,6258.392500000001
2024-12-07 04:05:00,5417.23,12.0,6.1,67.0,270.0,4.0,1012.0,2024,12,7,4,5,5454.886666666672,5,6042.68,6252.67,6222.144166666668
2024-12-07 04:10:00,5402.54,12.0,6.1,67.0,270.0,4.0,1012.0,2024,12,7,4,10,5427.756666666672,5,6014.56,6209.57,6186.675
2024-12-07 04:15:00,5384.02,12.0,6.1,67.0,270.0,4.0,1012.0,2024,12,7,4,15,5401.263333333339,5,5975.17,6184.16,6152.133333333334
2024-12-07 04:20:00,5354.92,12.0,6.1,67.0,270.0,4.0,1012.0,2024,12,7,4,20,5380.493333333338,5,5955.37,6154.6,6122.298333333333
2024-12-07 04:25:00,5352.31,12.0,6.1,67.0,270.0,4.0,1012.0,2024,12,7,4,25,5363.750000000005,5,5926.95,6134.05,6092.805833333333
2024-12-07 04:30:00,5327.16,11.0,5.1,67.0,199.0,1.8,1012.0,2024,12,7,4,30,5344.796666666672,5,5894.4,6119.09,6063.435
2024-12-07 04:35:00,5298.11,11.0,5.1,67.0,199.0,1.8,1012.0,2024,12,7,4,35,5325.860000000005,5,5863.12,6085.38,6032.759999999999
2024-12-07 04:40:00,5268.55,11.0,5.1,67.0,199.0,1.8,1012.0,2024,12,7,4,40,5297.940000000005,5,5852.34,6047.74,6003.933333333333
2024-12-07 04:45:00,5243.5,11.0,5.1,67.0,199.0,1.8,1012.0,2024,12,7,4,45,5270.053333333338,5,5824.81,6025.15,5974.156666666667
2024-12-07 04:50:00,5231.11,11.0,5.1,67.0,199.0,1.8,1012.0,2024,12,7,4,50,5247.720000000005,5,5793.12,5996.82,5944.904166666667
2024-12-07 04:55:00,5219.31,11.0,5.1,67.0,199.0,1.8,1012.0,2024,12,7,4,55,5231.306666666672,5,5784.86,5963.11,5917.561666666667
2024-12-07 05:00:00,5168.98,11.0,5.1,67.0,199.0,1.8,1012.0,2024,12,7,5,0,5206.466666666672,5,5752.04,5929.54,5889.951666666667
2024-12-07 05:05:00,5128.74,11.0,5.1,67.0,199.0,1.8,1012.0,2024,12,7,5,5,5172.343333333339,5,5718.48,5877.94,5862.935
2024-12-07 05:10:00,5099.95,11.0,5.1,67.0,199.0,1.8,1012.0,2024,12,7,5,10,5132.556666666671,5,5696.78,5836.31,5836.453333333334
2024-12-07 05:15:00,5062.2,11.0,5.1,67.0,199.0,1.8,1012.0,2024,12,7,5,15,5096.963333333338,5,5674.64,5803.4,5811.409166666667
2024-12-07 05:20:00,5046.53,11.0,5.1,67.0,199.0,1.8,1012.0,2024,12,7,5,20,5069.560000000005,5,5656.66,5752.17,5786.516666666666
2024-12-07 05:25:00,5025.57,11.0,5.1,67.0,199.0,1.8,1012.0,2024,12,7,5,25,5044.766666666671,5,5618.35,5718.37,5760.799999999999
2024-12-07 05:30:00,4992.21,11.0,5.9,71.0,199.0,1.8,1013.0,2024,12,7,5,30,5021.436666666671,5,5591.32,5675.31,5735.543333333334
2024-12-07 05:35:00,4966.61,11.0,5.9,71.0,199.0,1.8,1013.0,2024,12,7,5,35,4994.796666666672,5,5570.5,5622.64,5711.158333333333
2024-12-07 05:40:00,4949.23,11.0,5.9,71.0,199.0,1.8,1013.0,2024,12,7,5,40,4969.350000000005,5,5543.79,5579.07,5685.445833333332
2024-12-07 05:45:00,4917.18,11.0,5.9,71.0,199.0,1.8,1013.0,2024,12,7,5,45,4944.340000000005,5,5514.57,5537.82,5659.5925
2024-12-07 05:50:00,4894.69,11.0,5.9,71.0,199.0,1.8,1013.0,2024,12,7,5,50,4920.366666666671,5,5512.52,5488.85,5636.2091666666665
2024-12-07 05:55:00,4874.29,11.0,5.9,71.0,199.0,1.8,1013.0,2024,12,7,5,55,4895.386666666672,5,5483.93,5483.51,5611.131666666667
2024-12-07 06:00:00,4861.38,11.0,5.9,71.0,199.0,1.8,1013.0,2024,12,7,6,0,4876.786666666671,5,5463.5,5432.94,5587.086666666667
2024-12-07 06:05:00,4859.35,11.0,5.9,71.0,199.0,1.8,1013.0,2024,12,7,6,5,4865.006666666672,5,5417.23,5379.88,5561.982499999999
2024-12-07 06:10:00,4856.26,11.0,5.9,71.0,199.0,1.8,1013.0,2024,12,7,6,10,4858.996666666671,5,5402.54,5336.8,5537.462500000001
2024-12-07 06:15:00,4868.72,11.0,5.9,71.0,199.0,1.8,1013.0,2024,12,7,6,15,4861.443333333339,5,5384.02,5349.05,5513.244166666667
2024-12-07 06:20:00,4844.2,11.0,5.9,71.0,199.0,1.8,1013.0,2024,12,7,6,20,4856.393333333338,5,5354.92,5322.62,5488.099166666667
2024-12-07 06:25:00,4879.41,11.0,5.9,71.0,199.0,1.8,1013.0,2024,12,7,6,25,4864.110000000005,5,5352.31,5280.79,5465.929166666666
2024-12-07 06:30:00,4872.14,11.0,5.9,71.0,250.0,1.8,1013.0,2024,12,7,6,30,4865.250000000005,5,5327.16,5269.67,5443.9158333333335
2024-12-07 06:35:00,4842.35,11.0,5.9,71.0,250.0,1.8,1013.0,2024,12,7,6,35,4864.633333333339,5,5298.11,5239.49,5421.216666666666
2024-12-07 06:40:00,4821.66,11.0,5.9,71.0,250.0,1.8,1013.0,2024,12,7,6,40,4845.383333333339,5,5268.55,5226.21,5398.28
2024-12-07 06:45:00,4847.67,11.0,5.9,71.0,250.0,1.8,1013.0,2024,12,7,6,45,4837.226666666672,5,5243.5,5193.52,5375.690833333333
2024-12-07 06:50:00,4783.67,11.0,5.9,71.0,250.0,1.8,1013.0,2024,12,7,6,50,4817.6666666666715,5,5231.11,5178.04,5352.240000000001
2024-12-07 06:55:00,4801.43,11.0,5.9,71.0,250.0,1.8,1013.0,2024,12,7,6,55,4810.923333333339,5,5219.31,5172.6,5330.1883333333335
2024-12-07 07:00:00,4765.83,11.0,5.9,71.0,250.0,1.8,1013.0,2024,12,7,7,0,4783.643333333338,5,5168.98,5151.48,5305.645
2024-12-07 07:05:00,4750.65,11.0,5.9,71.0,250.0,1.8,1013.0,2024,12,7,7,5,4772.636666666672,5,5128.74,5099.77,5281.604166666667
2024-12-07 07:10:00,4721.32,11.0,5.9,71.0,250.0,1.8,1013.0,2024,12,7,7,10,4745.933333333338,5,5099.95,5132.97,5256.388333333333
2024-12-07 07:15:00,4758.95,11.0,5.9,71.0,250.0,1.8,1013.0,2024,12,7,7,15,4743.640000000005,5,5062.2,5127.09,5229.57
2024-12-07 07:20:00,4683.47,11.0,5.9,71.0,250.0,1.8,1013.0,2024,12,7,7,20,4721.246666666672,5,5046.53,5132.61,5203.870833333333
2024-12-07 07:25:00,4703.31,11.0,5.9,71.0,250.0,1.8,1013.0,2024,12,7,7,25,4715.243333333338,5,5025.57,5109.51,5176.6425
2024-12-07 07:30:00,4648.41,11.0,5.9,71.0,271.0,4.0,1014.0,2024,12,7,7,30,4678.396666666672,5,4992.21,5095.14,5148.7300000000005
2024-12-07 07:35:00,4642.66,11.0,5.9,71.0,271.0,4.0,1014.0,2024,12,7,7,35,4664.7933333333385,5,4966.61,5078.57,5121.1050000000005
2024-12-07 07:40:00,4646.32,11.0,5.9,71.0,271.0,4.0,1014.0,2024,12,7,7,40,4645.796666666672,5,4949.23,5104.35,5094.495
2024-12-07 07:45:00,4706.5,11.0,5.9,71.0,271.0,4.0,1014.0,2024,12,7,7,45,4665.160000000004,5,4917.18,5046.97,5067.301666666666
2024-12-07 07:50:00,4729.39,11.0,5.9,71.0,271.0,4.0,1014.0,2024,12,7,7,50,4694.070000000004,5,4894.69,5098.17,5039.266666666666
2024-12-07 07:55:00,4649.19,11.0,5.9,71.0,271.0,4.0,1014.0,2024,12,7,7,55,4695.026666666671,5,4874.29,5073.8,5010.515
2024-12-07 08:00:00,4682.69,11.0,5.9,71.0,271.0,4.0,1014.0,2024,12,7,8,0,4687.090000000005,5,4861.38,5111.3,4984.881666666666
2024-12-07 08:05:00,4675.06,11.0,5.9,71.0,271.0,4.0,1014.0,2024,12,7,8,5,4668.980000000005,5,4859.35,5072.31,4962.4325
2024-12-07 08:10:00,4701.26,11.0,5.9,71.0,271.0,4.0,1014.0,2024,12,7,8,10,4686.336666666672,5,4856.26,5060.22,4942.125
2024-12-07 08:15:00,4727.69,11.0,5.9,71.0,271.0,4.0,1014.0,2024,12,7,8,15,4701.336666666671,5,4868.72,5097.49,4926.001666666667
2024-12-07 08:20:00,4756.74,11.0,5.9,71.0,271.0,4.0,1014.0,2024,12,7,8,20,4728.563333333338,5,4844.2,5137.81,4909.140833333333
2024-12-07 08:25:00,4752.5,11.0,5.9,71.0,271.0,4.0,1014.0,2024,12,7,8,25,4745.643333333338,5,4879.41,5109.71,4896.9608333333335
2024-12-07 08:30:00,4774.85,15.0,7.1,59.0,270.0,6.0,1015.0,2024,12,7,8,30,4761.363333333338,5,4872.14,5124.11,4886.955
2024-12-07 08:35:00,4764.85,15.0,7.1,59.0,270.0,6.0,1015.0,2024,12,7,8,35,4764.066666666672,5,4842.35,5142.23,4876.599999999999
2024-12-07 08:40:00,4809.29,15.0,7.1,59.0,270.0,6.0,1015.0,2024,12,7,8,40,4782.996666666671,5,4821.66,5159.35,4865.969166666667
2024-12-07 08:45:00,4843.81,15.0,7.1,59.0,270.0,6.0,1015.0,2024,12,7,8,45,4805.983333333338,5,4847.67,5151.94,4860.176666666667
2024-12-07 08:50:00,4852.66,15.0,7.1,59.0,270.0,6.0,1015.0,2024,12,7,8,50,4835.253333333339,5,4783.67,5173.35,4850.925
2024-12-07 08:55:00,4880.62,15.0,7.1,59.0,270.0,6.0,1015.0,2024,12,7,8,55,4859.030000000005,5,4801.43,5207.36,4844.8533333333335
2024-12-07 09:00:00,4946.46,15.0,7.1,59.0,270.0,6.0,1015.0,2024,12,7,9,0,4893.2466666666705,5,4765.83,5233.21,4836.890833333334
2024-12-07 09:05:00,4935.83,15.0,7.1,59.0,270.0,6.0,1015.0,2024,12,7,9,5,4920.970000000005,5,4750.65,5333.23,4827.8325
2024-12-07 09:10:00,5017.89,15.0,7.1,59.0,270.0,6.0,1015.0,2024,12,7,9,10,4966.726666666672,5,4721.32,5365.27,4816.587500000001
2024-12-07 09:15:00,5094.77,15.0,7.1,59.0,270.0,6.0,1015.0,2024,12,7,9,15,5016.163333333338,5,4758.95,5463.49,4807.44
2024-12-07 09:20:00,5206.2,15.0,7.1,59.0,270.0,6.0,1015.0,2024,12,7,9,20,5106.286666666671,5,4683.47,5515.26,4794.045833333334
2024-12-07 09:25:00,5229.6,15.0,7.1,59.0,270.0,6.0,1015.0,2024,12,7,9,25,5176.856666666671,5,4703.31,5639.72,4779.370833333333
2024-12-07 09:30:00,5309.32,18.0,4.9,42.0,250.0,7.0,1016.0,2024,12,7,9,30,5248.3733333333375,5,4648.41,5654.11,4760.7266666666665
2024-12-07 09:35:00,5334.53,18.0,4.9,42.0,250.0,7.0,1016.0,2024,12,7,9,35,5291.150000000004,5,4642.66,5705.12,4744.0858333333335
2024-12-07 09:40:00,5360.88,18.0,4.9,42.0,250.0,7.0,1016.0,2024,12,7,9,40,5334.910000000004,5,4646.32,5699.48,4729.474166666666
2024-12-07 09:45:00,5422.8,18.0,4.9,42.0,250.0,7.0,1016.0,2024,12,7,9,45,5372.736666666671,5,4706.5,5793.02,4717.71
2024-12-07 09:50:00,5461.06,18.0,4.9,42.0,250.0,7.0,1016.0,2024,12,7,9,50,5414.913333333338,5,4729.39,5845.7,4713.1866666666665
2024-12-07 09:55:00,5483.52,18.0,4.9,42.0,250.0,7.0,1016.0,2024,12,7,9,55,5455.7933333333385,5,4649.19,5851.19,4700.5
2024-12-07 10:00:00,5545.7,18.0,4.9,42.0,250.0,7.0,1016.0,2024,12,7,10,0,5496.760000000005,5,4682.69,5924.72,4693.571666666667
2024-12-07 10:05:00,5567.17,18.0,4.9,42.0,250.0,7.0,1016.0,2024,12,7,10,5,5532.130000000005,5,4675.06,5974.58,4687.2725
2024-12-07 10:10:00,5630.84,18.0,4.9,42.0,250.0,7.0,1016.0,2024,12,7,10,10,5581.236666666671,5,4701.26,6038.86,4685.600833333333
2024-12-07 10:15:00,5645.31,18.0,4.9,42.0,250.0,7.0,1016.0,2024,12,7,10,15,5614.440000000005,5,4727.69,6041.16,4682.995833333333
2024-12-07 10:20:00,5686.27,18.0,4.9,42.0,250.0,7.0,1016.0,2024,12,7,10,20,5654.140000000006,5,4756.74,6156.48,4689.1016666666665
2024-12-07 10:25:00,5646.45,18.0,4.9,42.0,250.0,7.0,1016.0,2024,12,7,10,25,5659.343333333338,5,4752.5,6191.78,4693.200833333333
2024-12-07 10:30:00,5723.98,20.0,4.9,37.0,260.0,6.0,1016.0,2024,12,7,10,30,5685.56666666667,5,4774.85,6194.0,4703.7375
2024-12-07 10:35:00,5706.74,20.0,4.9,37.0,260.0,6.0,1016.0,2024,12,7,10,35,5692.390000000004,5,4764.85,6241.92,4713.92
2024-12-07 10:40:00,5759.97,20.0,4.9,37.0,260.0,6.0,1016.0,2024,12,7,10,40,5730.230000000004,5,4809.29,6253.19,4727.5008333333335
2024-12-07 10:45:00,5790.48,20.0,4.9,37.0,260.0,6.0,1016.0,2024,12,7,10,45,5752.396666666671,5,4843.81,6303.93,4738.943333333334
2024-12-07 10:50:00,5771.24,20.0,4.9,37.0,260.0,6.0,1016.0,2024,12,7,10,50,5773.896666666671,5,4852.66,6353.23,4749.215833333334
2024-12-07 10:55:00,5844.73,20.0,4.9,37.0,260.0,6.0,1016.0,2024,12,7,10,55,5802.150000000004,5,4880.62,6363.0,4768.501666666667
2024-12-07 11:00:00,5841.31,20.0,4.9,37.0,260.0,6.0,1016.0,2024,12,7,11,0,5819.093333333338,5,4946.46,6375.31,4790.4825
2024-12-07 11:05:00,5853.5,20.0,4.9,37.0,260.0,6.0,1016.0,2024,12,7,11,5,5846.513333333339,5,4935.83,6444.75,4812.213333333333
2024-12-07 11:10:00,5834.49,20.0,4.9,37.0,260.0,6.0,1016.0,2024,12,7,11,10,5843.100000000006,5,5017.89,6467.3,4838.599166666667
2024-12-07 11:15:00,5875.12,20.0,4.9,37.0,260.0,6.0,1016.0,2024,12,7,11,15,5854.370000000005,5,5094.77,6467.11,4869.189166666667
2024-12-07 11:20:00,5862.84,20.0,4.9,37.0,260.0,6.0,1016.0,2024,12,7,11,20,5857.483333333338,5,5206.2,6475.49,4906.644166666666
2024-12-07 11:25:00,5892.31,20.0,4.9,37.0,260.0,6.0,1016.0,2024,12,7,11,25,5876.756666666672,5,5229.6,6523.82,4946.4025
2024-12-07 11:30:00,5889.76,22.0,4.1,31.0,290.0,4.0,1015.0,2024,12,7,11,30,5881.636666666673,5,5309.32,6526.93,4990.941666666667
2024-12-07 11:35:00,5853.41,22.0,4.1,31.0,290.0,4.0,1015.0,2024,12,7,11,35,5878.493333333339,5,5334.53,6538.81,5038.415
2024-12-07 11:40:00,5921.97,22.0,4.1,31.0,290.0,4.0,1015.0,2024,12,7,11,40,5888.380000000005,5,5360.88,6567.17,5084.380833333334
2024-12-07 11:45:00,5940.95,22.0,4.1,31.0,290.0,4.0,1015.0,2024,12,7,11,45,5905.443333333339,5,5422.8,6555.74,5132.63
2024-12-07 11:50:00,5950.53,22.0,4.1,31.0,290.0,4.0,1015.0,2024,12,7,11,50,5937.816666666672,5,5461.06,6589.59,5183.33
2024-12-07 11:55:00,5910.75,22.0,4.1,31.0,290.0,4.0,1015.0,2024,12,7,11,55,5934.076666666671,5,5483.52,6656.98,5233.571666666667
2024-12-07 12:00:00,5963.98,22.0,4.1,31.0,290.0,4.0,1015.0,2024,12,7,12,0,5941.753333333338,5,5545.7,6657.66,5283.508333333333
2024-12-07 12:05:00,5984.54,22.0,4.1,31.0,290.0,4.0,1015.0,2024,12,7,12,5,5953.090000000005,5,5567.17,6674.21,5336.12
2024-12-07 12:10:00,5971.54,22.0,4.1,31.0,290.0,4.0,1015.0,2024,12,7,12,10,5973.353333333339,5,5630.84,6699.15,5387.199166666667
2024-12-07 12:15:00,5979.17,22.0,4.1,31.0,290.0,4.0,1015.0,2024,12,7,12,15,5978.4166666666715,5,5645.31,6734.19,5433.0775
2024-12-07 12:20:00,5992.8,22.0,4.1,31.0,290.0,4.0,1015.0,2024,12,7,12,20,5981.1700000000055,5,5686.27,6751.92,5473.083333333333
2024-12-07 12:25:00,5989.82,22.0,4.1,31.0,290.0,4.0,1015.0,2024,12,7,12,25,5987.263333333339,5,5646.45,6813.8,5507.820833333334
2024-12-07 12:30:00,5996.07,23.0,0.7,23.0,290.0,9.0,1014.0,2024,12,7,12,30,5992.896666666672,5,5723.98,6833.76,5542.375833333333
2024-12-07 12:35:00,6025.52,23.0,0.7,23.0,290.0,9.0,1014.0,2024,12,7,12,35,6003.803333333338,5,5706.74,6850.45,5573.393333333333
2024-12-07 12:40:00,5931.94,23.0,0.7,23.0,290.0,9.0,1014.0,2024,12,7,12,40,5984.510000000005,5,5759.97,6876.1,5606.650833333333
2024-12-07 12:45:00,6035.24,23.0,0.7,23.0,290.0,9.0,1014.0,2024,12,7,12,45,5997.566666666672,5,5790.48,6870.04,5637.2908333333335
2024-12-07 12:50:00,5941.73,23.0,0.7,23.0,290.0,9.0,1014.0,2024,12,7,12,50,5969.636666666672,5,5771.24,6572.02,5663.139166666667
2024-12-07 12:55:00,6014.56,23.0,0.7,23.0,290.0,9.0,1014.0,2024,12,7,12,55,5997.176666666671,5,5844.73,6536.38,5693.239999999999
2024-12-07 13:00:00,5914.68,23.0,0.7,23.0,290.0,9.0,1014.0,2024,12,7,13,0,5956.990000000005,5,5841.31,6518.02,5717.874166666667
2024-12-07 13:05:00,5866.21,23.0,0.7,23.0,290.0,9.0,1014.0,2024,12,7,13,5,5931.816666666672,5,5853.5,6449.03,5741.735000000001
2024-12-07 13:10:00,5840.97,23.0,0.7,23.0,290.0,9.0,1014.0,2024,12,7,13,10,5873.953333333338,5,5834.49,6443.18,5758.705833333333
2024-12-07 13:15:00,5820.93,23.0,0.7,23.0,290.0,9.0,1014.0,2024,12,7,13,15,5842.703333333338,5,5875.12,6484.38,5777.856666666667
2024-12-07 13:20:00,5854.83,23.0,0.7,23.0,290.0,9.0,1014.0,2024,12,7,13,20,5838.910000000006,5,5862.84,6484.72,5792.570833333332
2024-12-07 13:25:00,5874.17,23.0,0.7,23.0,290.0,9.0,1014.0,2024,12,7,13,25,5849.976666666672,5,5892.31,6492.04,5813.059166666666
2024-12-07 13:30:00,5898.94,23.0,0.7,23.0,260.0,6.0,1013.0,2024,12,7,13,30,5875.980000000004,5,5889.76,6707.16,5826.874166666667
2024-12-07 13:35:00,5964.97,23.0,0.7,23.0,260.0,6.0,1013.0,2024,12,7,13,35,5912.693333333339,5,5853.41,6798.41,5839.096666666667
2024-12-07 13:40:00,5997.71,23.0,0.7,23.0,260.0,6.0,1013.0,2024,12,7,13,40,5953.8733333333375,5,5921.97,6837.22,5852.596666666667
2024-12-07 13:45:00,6041.75,23.0,0.7,23.0,260.0,6.0,1013.0,2024,12,7,13,45,6001.476666666672,5,5940.95,6913.62,5865.135833333334
2024-12-07 13:50:00,6111.21,23.0,0.7,23.0,260.0,6.0,1013.0,2024,12,7,13,50,6050.223333333338,5,5950.53,6945.13,5880.076666666667
2024-12-07 13:55:00,6110.42,23.0,0.7,23.0,260.0,6.0,1013.0,2024,12,7,13,55,6087.7933333333385,5,5910.75,6988.0,5885.578333333334
2024-12-07 14:00:00,6173.73,23.0,0.7,23.0,260.0,6.0,1013.0,2024,12,7,14,0,6131.786666666671,5,5963.98,7018.2,5895.800833333334
2024-12-07 14:05:00,6220.18,23.0,0.7,23.0,260.0,6.0,1013.0,2024,12,7,14,5,6168.110000000005,5,5984.54,7313.7,5906.720833333333
2024-12-07 14:10:00,6275.61,23.0,0.7,23.0,260.0,6.0,1013.0,2024,12,7,14,10,6223.173333333339,5,5971.54,7144.52,5918.141666666666
2024-12-07 14:15:00,6304.65,23.0,0.7,23.0,260.0,6.0,1013.0,2024,12,7,14,15,6266.813333333338,5,5979.17,7189.59,5926.8125
2024-12-07 14:20:00,6392.64,23.0,0.7,23.0,260.0,6.0,1013.0,2024,12,7,14,20,6324.300000000006,5,5992.8,7436.15,5937.642499999999
2024-12-07 14:25:00,6394.75,23.0,0.7,23.0,260.0,6.0,1013.0,2024,12,7,14,25,6364.013333333339,5,5989.82,7423.1,5945.768333333333
2024-12-07 14:30:00,6384.06,23.0,0.7,23.0,260.0,6.0,1013.0,2024,12,7,14,30,6390.483333333338,5,5996.07,7442.1,5954.6275
2024-12-07 14:35:00,6445.37,23.0,0.7,23.0,260.0,6.0,1013.0,2024,12,7,14,35,6408.060000000005,5,6025.52,7497.14,5968.97
2024-12-07 14:40:00,6462.33,23.0,0.7,23.0,260.0,6.0,1013.0,2024,12,7,14,40,6430.5866666666725,5,5931.94,7479.1,5969.800833333332
2024-12-07 14:45:00,6480.3,23.0,0.7,23.0,260.0,6.0,1013.0,2024,12,7,14,45,6462.6666666666715,5,6035.24,7521.78,5977.658333333333
2024-12-07 14:50:00,6453.87,23.0,0.7,23.0,260.0,6.0,1013.0,2024,12,7,14,50,6465.500000000005,5,5941.73,7516.37,5976.924999999999
2024-12-07 14:55:00,6463.56,23.0,0.7,23.0,260.0,6.0,1013.0,2024,12,7,14,55,6465.910000000004,5,6014.56,7563.8125,5985.575833333333
2024-12-07 15:00:00,6508.66,23.0,0.7,23.0,260.0,6.0,1013.0,2024,12,7,15,0,6475.363333333338,5,5914.68,7563.8125,5981.4675
2024-12-07 15:05:00,6505.18,23.0,0.7,23.0,260.0,6.0,1013.0,2024,12,7,15,5,6492.466666666672,5,5866.21,7563.8125,5971.6066666666675
2024-12-07 15:10:00,6499.14,23.0,0.7,23.0,260.0,6.0,1013.0,2024,12,7,15,10,6504.326666666671,5,5840.97,7563.8125,5960.725833333333
2024-12-07 15:15:00,6484.52,23.0,0.7,23.0,260.0,6.0,1013.0,2024,12,7,15,15,6496.280000000005,5,5820.93,7563.8125,5947.5391666666665
2024-12-07 15:20:00,6487.93,23.0,0.7,23.0,260.0,6.0,1013.0,2024,12,7,15,20,6490.530000000005,5,5854.83,7563.8125,5936.041666666667
2024-12-07 15:25:00,6472.68,23.0,0.7,23.0,260.0,6.0,1013.0,2024,12,7,15,25,6481.7100000000055,5,5874.17,7563.8125,5926.404166666667
2024-12-07 15:30:00,6449.61,22.0,2.1,27.0,310.0,6.0,1013.0,2024,12,7,15,30,6470.073333333338,5,5898.94,7563.8125,5918.31
2024-12-07 15:35:00,6469.62,22.0,2.1,27.0,310.0,6.0,1013.0,2024,12,7,15,35,6463.970000000005,5,5964.97,7563.8125,5913.264166666667
2024-12-07 15:40:00,6419.66,22.0,2.1,27.0,310.0,6.0,1013.0,2024,12,7,15,40,6446.296666666672,5,5997.71,7563.8125,5918.745
2024-12-07 15:45:00,6395.97,22.0,2.1,27.0,310.0,6.0,1013.0,2024,12,7,15,45,6428.4166666666715,5,6041.75,7563.8125,5919.287499999999
2024-12-07 15:50:00,6397.33,22.0,2.1,27.0,310.0,6.0,1013.0,2024,12,7,15,50,6404.320000000004,5,6111.21,7563.8125,5933.410833333332
2024-12-07 15:55:00,6354.62,22.0,2.1,27.0,310.0,6.0,1013.0,2024,12,7,15,55,6382.640000000004,5,6110.42,7563.8125,5941.399166666667
2024-12-07 16:00:00,6353.0,22.0,2.1,27.0,310.0,6.0,1013.0,2024,12,7,16,0,6368.31666666667,5,6173.73,7563.8125,5962.986666666667
2024-12-07 16:05:00,6344.74,22.0,2.1,27.0,310.0,6.0,1013.0,2024,12,7,16,5,6350.786666666671,5,6220.18,7563.8125,5992.484166666666
2024-12-07 16:10:00,6349.3,22.0,2.1,27.0,310.0,6.0,1013.0,2024,12,7,16,10,6349.013333333339,5,6275.61,7563.8125,6028.704166666666
2024-12-07 16:15:00,6267.39,22.0,2.1,27.0,310.0,6.0,1013.0,2024,12,7,16,15,6320.476666666672,5,6304.65,7554.61,6069.014166666667
2024-12-07 16:20:00,6299.51,22.0,2.1,27.0,310.0,6.0,1013.0,2024,12,7,16,20,6305.400000000005,5,6392.64,7527.33,6113.831666666666
2024-12-07 16:25:00,6282.3,22.0,2.1,27.0,310.0,6.0,1013.0,2024,12,7,16,25,6283.066666666672,5,6394.75,7526.4,6157.213333333333
2024-12-07 16:30:00,6251.61,19.8,6.5,42.0,8.0,5.5,1012.9,2024,12,7,16,30,6277.806666666671,5,6384.06,7510.99,6197.639999999999
2024-12-07 16:35:00,6226.78,19.8,6.5,42.0,8.0,5.5,1012.9,2024,12,7,16,35,6253.563333333338,5,6445.37,7504.4,6237.673333333333
2024-12-07 16:40:00,6193.99,19.8,6.5,42.0,8.0,5.5,1012.9,2024,12,7,16,40,6224.126666666672,5,6462.33,7429.42,6276.391666666667
2024-12-07 16:45:00,6204.77,19.8,6.5,42.0,8.0,5.5,1012.9,2024,12,7,16,45,6208.513333333339,5,6480.3,7435.21,6312.9375
2024-12-07 16:50:00,6164.3,19.8,6.5,42.0,8.0,5.5,1012.9,2024,12,7,16,50,6187.686666666672,5,6453.87,7397.15,6341.4925
2024-12-07 16:55:00,6154.52,19.8,6.5,42.0,8.0,5.5,1012.9,2024,12,7,16,55,6174.530000000005,5,6463.56,7365.92,6370.920833333334
2024-12-07 17:00:00,6120.69,19.8,6.5,42.0,8.0,5.5,1012.9,2024,12,7,17,0,6146.503333333338,5,6508.66,7329.64,6398.831666666668
2024-12-07 17:05:00,6107.89,19.8,6.5,42.0,8.0,5.5,1012.9,2024,12,7,17,5,6127.700000000004,5,6505.18,7274.1,6422.581666666666
2024-12-07 17:10:00,6067.73,19.8,6.5,42.0,8.0,5.5,1012.9,2024,12,7,17,10,6098.770000000004,5,6499.14,7249.42,6441.2091666666665
2024-12-07 17:15:00,6050.43,19.8,6.5,42.0,8.0,5.5,1012.9,2024,12,7,17,15,6075.350000000006,5,6484.52,7170.64,6456.198333333334
2024-12-07 17:20:00,6039.84,19.8,6.5,42.0,8.0,5.5,1012.9,2024,12,7,17,20,6052.6666666666715,5,6487.93,7170.32,6464.139166666667
2024-12-07 17:25:00,6021.22,19.8,6.5,42.0,8.0,5.5,1012.9,2024,12,7,17,25,6037.163333333338,5,6472.68,7127.28,6470.633333333334
2024-12-07 17:30:00,6017.39,20.0,3.2,33.0,80.0,4.0,1013.0,2024,12,7,17,30,6026.150000000005,5,6449.61,7030.86,6476.095833333334
2024-12-07 17:35:00,5930.21,20.0,3.2,33.0,80.0,4.0,1013.0,2024,12,7,17,35,5989.606666666671,5,6469.62,6965.05,6478.116666666666
2024-12-07 17:40:00,5969.85,20.0,3.2,33.0,80.0,4.0,1013.0,2024,12,7,17,40,5972.483333333338,5,6419.66,6934.37,6474.560833333334
2024-12-07 17:45:00,5967.13,20.0,3.2,33.0,80.0,4.0,1013.0,2024,12,7,17,45,5955.730000000006,5,6395.97,6876.53,6467.533333333334
2024-12-07 17:50:00,5920.36,20.0,3.2,33.0,80.0,4.0,1013.0,2024,12,7,17,50,5952.446666666671,5,6397.33,6819.39,6462.821666666667
2024-12-07 17:55:00,5896.89,20.0,3.2,33.0,80.0,4.0,1013.0,2024,12,7,17,55,5928.126666666671,5,6354.62,6732.02,6453.743333333333
2024-12-07 18:00:00,5893.75,20.0,3.2,33.0,80.0,4.0,1013.0,2024,12,7,18,0,5903.6666666666715,5,6353.0,6719.61,6440.7716666666665
2024-12-07 18:05:00,5850.51,20.0,3.2,33.0,80.0,4.0,1013.0,2024,12,7,18,5,5880.383333333339,5,6344.74,6635.56,6427.401666666668
2024-12-07 18:10:00,5792.93,20.0,3.2,33.0,80.0,4.0,1013.0,2024,12,7,18,10,5845.730000000006,5,6349.3,6504.79,6414.915
2024-12-07 18:15:00,5824.21,20.0,3.2,33.0,80.0,4.0,1013.0,2024,12,7,18,15,5822.550000000006,5,6267.39,6475.33,6396.820833333334
2024-12-07 18:20:00,5777.31,20.0,3.2,33.0,80.0,4.0,1013.0,2024,12,7,18,20,5798.150000000005,5,6299.51,6488.5,6381.119166666667
2024-12-07 18:25:00,5789.64,20.0,3.2,33.0,80.0,4.0,1013.0,2024,12,7,18,25,5797.053333333338,5,6282.3,6441.59,6365.254166666667
2024-12-07 18:30:00,5776.75,17.9,8.2,53.0,91.0,3.7,1013.4,2024,12,7,18,30,5781.233333333338,5,6251.61,6423.7,6348.754166666667
2024-12-07 18:35:00,5732.91,17.9,8.2,53.0,91.0,3.7,1013.4,2024,12,7,18,35,5766.433333333338,5,6226.78,6305.31,6328.517500000001
2024-12-07 18:40:00,5707.59,17.9,8.2,53.0,91.0,3.7,1013.4,2024,12,7,18,40,5739.0833333333385,5,6193.99,6340.76,6309.711666666666
2024-12-07 18:45:00,5724.27,17.9,8.2,53.0,91.0,3.7,1013.4,2024,12,7,18,45,5721.590000000005,5,6204.77,6307.21,6293.778333333333
2024-12-07 18:50:00,5726.06,17.9,8.2,53.0,91.0,3.7,1013.4,2024,12,7,18,50,5719.306666666672,5,6164.3,6256.48,6274.359166666666
2024-12-07 18:55:00,5674.65,17.9,8.2,53.0,91.0,3.7,1013.4,2024,12,7,18,55,5708.326666666672,5,6154.52,6198.41,6257.684166666667
2024-12-07 19:00:00,5755.09,17.9,8.2,53.0,91.0,3.7,1013.4,2024,12,7,19,0,5718.600000000006,5,6120.69,6217.98,6238.325
2024-12-07 19:05:00,5727.8,17.9,8.2,53.0,91.0,3.7,1013.4,2024,12,7,19,5,5719.180000000005,5,6107.89,6128.32,6218.587499999999
2024-12-07 19:10:00,5727.19,17.9,8.2,53.0,91.0,3.7,1013.4,2024,12,7,19,10,5736.693333333339,5,6067.73,6145.5,6195.123333333334
2024-12-07 19:15:00,5726.54,17.9,8.2,53.0,91.0,3.7,1013.4,2024,12,7,19,15,5727.176666666671,5,6050.43,6134.77,6177.043333333332
2024-12-07 19:20:00,5690.89,17.9,8.2,53.0,91.0,3.7,1013.4,2024,12,7,19,20,5714.873333333339,5,6039.84,6203.43,6155.404166666667
2024-12-07 19:25:00,5734.65,17.9,8.2,53.0,91.0,3.7,1013.4,2024,12,7,19,25,5717.360000000005,5,6021.22,6131.61,6133.647499999999
2024-12-07 19:30:00,5766.55,16.6,8.6,59.0,98.0,3.7,1013.9,2024,12,7,19,30,5730.696666666671,5,6017.39,6146.09,6114.129166666666
2024-12-07 19:35:00,5795.47,16.6,8.6,59.0,98.0,3.7,1013.9,2024,12,7,19,35,5765.556666666671,5,5930.21,6183.35,6089.415
2024-12-07 19:40:00,5791.44,16.6,8.6,59.0,98.0,3.7,1013.9,2024,12,7,19,40,5784.486666666671,5,5969.85,6199.39,6070.736666666668
2024-12-07 19:45:00,5861.21,16.6,8.6,59.0,98.0,3.7,1013.9,2024,12,7,19,45,5816.040000000005,5,5967.13,6136.21,6050.933333333333
2024-12-07 19:50:00,5868.37,16.6,8.6,59.0,98.0,3.7,1013.9,2024,12,7,19,50,5840.340000000005,5,5920.36,6206.52,6030.605
2024-12-07 19:55:00,5844.64,16.6,8.6,59.0,98.0,3.7,1013.9,2024,12,7,19,55,5858.073333333338,5,5896.89,6229.88,6009.135833333333
2024-12-07 20:00:00,5862.1,16.6,8.6,59.0,98.0,3.7,1013.9,2024,12,7,20,0,5858.370000000005,5,5893.75,6197.28,5990.224166666667
2024-12-07 20:05:00,5840.92,16.6,8.6,59.0,98.0,3.7,1013.9,2024,12,7,20,5,5849.220000000006,5,5850.51,6217.3,5968.775833333333
2024-12-07 20:10:00,5806.31,16.6,8.6,59.0,98.0,3.7,1013.9,2024,12,7,20,10,5836.443333333339,5,5792.93,6248.3,5945.875833333333
2024-12-07 20:15:00,5857.03,16.6,8.6,59.0,98.0,3.7,1013.9,2024,12,7,20,15,5834.753333333339,5,5824.21,6275.99,5927.024166666667
2024-12-07 20:20:00,5892.52,16.6,8.6,59.0,98.0,3.7,1013.9,2024,12,7,20,20,5851.953333333338,5,5777.31,6303.66,5905.146666666667
2024-12-07 20:25:00,5913.14,16.6,8.6,59.0,98.0,3.7,1013.9,2024,12,7,20,25,5887.563333333338,5,5789.64,6317.15,5885.848333333334
2024-12-07 20:30:00,5890.58,15.4,8.9,65.0,104.0,5.5,1014.3,2024,12,7,20,30,5898.746666666672,5,5776.75,6317.58,5865.795000000001
2024-12-07 20:35:00,5946.57,15.4,8.9,65.0,104.0,5.5,1014.3,2024,12,7,20,35,5916.763333333339,5,5732.91,6319.43,5849.3533333333335
2024-12-07 20:40:00,5923.97,15.4,8.9,65.0,104.0,5.5,1014.3,2024,12,7,20,40,5920.373333333339,5,5707.59,6350.06,5827.498333333334
2024-12-07 20:45:00,5894.56,15.4,8.9,65.0,104.0,5.5,1014.3,2024,12,7,20,45,5921.700000000004,5,5724.27,6354.67,5807.259999999999
2024-12-07 20:50:00,5936.74,15.4,8.9,65.0,104.0,5.5,1014.3,2024,12,7,20,50,5918.423333333339,5,5726.06,6411.82,5791.068333333334
2024-12-07 20:55:00,5945.1,15.4,8.9,65.0,104.0,5.5,1014.3,2024,12,7,20,55,5925.466666666672,5,5674.65,6418.07,5772.548333333333
2024-12-07 21:00:00,5946.46,15.4,8.9,65.0,104.0,5.5,1014.3,2024,12,7,21,0,5942.766666666671,5,5755.09,6493.36,5760.993333333333
2024-12-07 21:05:00,5940.55,15.4,8.9,65.0,104.0,5.5,1014.3,2024,12,7,21,5,5944.036666666671,5,5727.8,6492.65,5750.767500000001
2024-12-07 21:10:00,5971.53,15.4,8.9,65.0,104.0,5.5,1014.3,2024,12,7,21,10,5952.846666666672,5,5727.19,6537.02,5745.2891666666665
2024-12-07 21:15:00,5978.92,15.4,8.9,65.0,104.0,5.5,1014.3,2024,12,7,21,15,5963.6666666666715,5,5726.54,6570.41,5737.150000000001
2024-12-07 21:20:00,6052.63,15.4,8.9,65.0,104.0,5.5,1014.3,2024,12,7,21,20,6001.026666666672,5,5690.89,6633.56,5729.948333333334
2024-12-07 21:25:00,6052.12,15.4,8.9,65.0,104.0,5.5,1014.3,2024,12,7,21,25,6027.890000000004,5,5734.65,6668.07,5725.365833333333
2024-12-07 21:30:00,6097.47,14.0,5.1,55.0,113.0,4.0,1014.0,2024,12,7,21,30,6067.406666666672,5,5766.55,6743.04,5724.515833333334
2024-12-07 21:35:00,6133.59,14.0,5.1,55.0,113.0,4.0,1014.0,2024,12,7,21,35,6094.393333333338,5,5795.47,6803.43,5729.729166666667
2024-12-07 21:40:00,6151.2,14.0,5.1,55.0,113.0,4.0,1014.0,2024,12,7,21,40,6127.4200000000055,5,5791.44,6875.47,5736.716666666667
2024-12-07 21:45:00,6215.94,14.0,5.1,55.0,113.0,4.0,1014.0,2024,12,7,21,45,6166.910000000004,5,5861.21,6948.82,5748.128333333333
2024-12-07 21:50:00,6175.73,14.0,5.1,55.0,113.0,4.0,1014.0,2024,12,7,21,50,6180.9566666666715,5,5868.37,7013.49,5759.9875
2024-12-07 21:55:00,6273.57,14.0,5.1,55.0,113.0,4.0,1014.0,2024,12,7,21,55,6221.7466666666705,5,5844.64,7066.97,5774.153333333333
2024-12-07 22:00:00,6279.54,14.0,5.1,55.0,113.0,4.0,1014.0,2024,12,7,22,0,6242.946666666671,5,5862.1,7158.89,5783.070833333334
2024-12-07 22:05:00,6283.46,14.0,5.1,55.0,113.0,4.0,1014.0,2024,12,7,22,5,6278.856666666671,5,5840.92,7153.28,5792.4975
2024-12-07 22:10:00,6321.2,14.0,5.1,55.0,113.0,4.0,1014.0,2024,12,7,22,10,6294.733333333338,5,5806.31,7174.31,5799.090833333333
2024-12-07 22:15:00,6361.56,14.0,5.1,55.0,113.0,4.0,1014.0,2024,12,7,22,15,6322.073333333338,5,5857.03,7288.55,5809.965
2024-12-07 22:20:00,6431.49,14.0,5.1,55.0,113.0,4.0,1014.0,2024,12,7,22,20,6371.4166666666715,5,5892.52,7337.98,5826.767500000001
2024-12-07 22:25:00,6451.35,14.0,5.1,55.0,113.0,4.0,1014.0,2024,12,7,22,25,6414.800000000006,5,5913.14,7386.28,5841.641666666666
2024-12-07 22:30:00,6463.31,14.2,9.2,72.0,121.0,5.5,1014.9,2024,12,7,22,30,6448.716666666672,5,5890.58,7419.1,5851.9775
2024-12-07 22:35:00,6469.92,14.2,9.2,72.0,121.0,5.5,1014.9,2024,12,7,22,35,6461.526666666672,5,5946.57,7468.06,5864.569166666667
2024-12-07 22:40:00,6515.1,14.2,9.2,72.0,121.0,5.5,1014.9,2024,12,7,22,40,6482.776666666672,5,5923.97,7514.81,5875.613333333334
2024-12-07 22:45:00,6527.69,14.2,9.2,72.0,121.0,5.5,1014.9,2024,12,7,22,45,6504.236666666671,5,5894.56,7563.8125,5878.392499999999
2024-12-07 22:50:00,6547.71,14.2,9.2,72.0,121.0,5.5,1014.9,2024,12,7,22,50,6530.1666666666715,5,5936.74,7563.8125,5884.09
2024-12-07 22:55:00,6555.21,14.2,9.2,72.0,121.0,5.5,1014.9,2024,12,7,22,55,6543.536666666671,5,5945.1,7563.8125,5892.461666666667
2024-12-07 23:00:00,6578.9,14.2,9.2,72.0,121.0,5.5,1014.9,2024,12,7,23,0,6560.606666666671,5,5946.46,7563.8125,5899.491666666666
2024-12-07 23:05:00,6582.0,14.2,9.2,72.0,121.0,5.5,1014.9,2024,12,7,23,5,6572.036666666671,5,5940.55,7563.8125,5907.794166666667
2024-12-07 23:10:00,6566.49,14.2,9.2,72.0,121.0,5.5,1014.9,2024,12,7,23,10,6575.796666666672,5,5971.53,7563.8125,5921.5625
2024-12-07 23:15:00,6597.61,14.2,9.2,72.0,121.0,5.5,1014.9,2024,12,7,23,15,6582.033333333337,5,5978.92,7563.8125,5931.72
2024-12-07 23:20:00,6603.59,14.2,9.2,72.0,121.0,5.5,1014.9,2024,12,7,23,20,6589.230000000004,5,6052.63,7563.8125,5945.0625
2024-12-07 23:25:00,6605.15,14.2,9.2,72.0,121.0,5.5,1014.9,2024,12,7,23,25,6602.116666666671,5,6052.12,7563.8125,5956.644166666666
2024-12-07 23:30:00,6588.39,13.6,9.4,76.0,127.0,5.5,1015.2,2024,12,7,23,30,6599.0433333333385,5,6097.47,7563.8125,5973.884999999999
2024-12-07 23:35:00,6585.77,13.6,9.4,76.0,127.0,5.5,1015.2,2024,12,7,23,35,6593.103333333339,5,6133.59,7563.8125,5989.47
2024-12-07 23:40:00,6559.05,13.6,9.4,76.0,127.0,5.5,1015.2,2024,12,7,23,40,6577.736666666671,5,6151.2,7563.8125,6008.405833333334
2024-12-07 23:45:00,6532.86,13.6,9.4,76.0,127.0,5.5,1015.2,2024,12,7,23,45,6559.226666666672,5,6215.94,7563.8125,6035.1875
2024-12-08 00:00:00,5029.92,13.6,9.4,76.0,127.0,5.5,1015.2,2024,12,8,0,0,6040.610000000005,6,6175.73,7563.8125,6055.1033333333335
2024-12-08 00:05:00,4989.4,13.6,9.4,76.0,127.0,5.5,1015.2,2024,12,8,0,5,5517.393333333338,6,6273.57,7563.8125,6082.475833333333
2024-12-08 00:10:00,4980.41,13.6,9.4,76.0,127.0,5.5,1015.2,2024,12,8,0,10,4999.910000000004,6,6279.54,7076.87,6110.232500000001
2024-12-08 00:15:00,4953.88,13.6,9.4,76.0,127.0,5.5,1015.2,2024,12,8,0,15,4974.563333333338,6,6283.46,7013.44,6138.808333333333
2024-12-08 00:20:00,4947.97,13.6,9.4,76.0,127.0,5.5,1015.2,2024,12,8,0,20,4960.753333333339,6,6321.2,6968.71,6167.947499999999
2024-12-08 00:25:00,4921.56,13.6,9.4,76.0,127.0,5.5,1015.2,2024,12,8,0,25,4941.136666666672,6,6361.56,6906.64,6199.834166666667
2024-12-08 00:30:00,4885.75,13.1,9.2,77.0,122.0,5.5,1015.0,2024,12,8,0,30,4918.426666666672,6,6431.49,6869.23,6231.405833333333
2024-12-08 00:35:00,4862.95,13.1,9.2,77.0,122.0,5.5,1015.0,2024,12,8,0,35,4890.0866666666725,6,6451.35,6817.69,6264.675
2024-12-08 00:40:00,4846.54,13.1,9.2,77.0,122.0,5.5,1015.0,2024,12,8,0,40,4865.0800000000045,6,6463.31,6759.69,6295.161666666667
2024-12-08 00:45:00,4829.17,13.1,9.2,77.0,122.0,5.5,1015.0,2024,12,8,0,45,4846.220000000005,6,6469.92,6747.24,6323.189166666667
2024-12-08 00:50:00,4808.97,13.1,9.2,77.0,122.0,5.5,1015.0,2024,12,8,0,50,4828.226666666672,6,6515.1,6691.22,6353.514166666667
2024-12-08 00:55:00,4768.52,13.1,9.2,77.0,122.0,5.5,1015.0,2024,12,8,0,55,4802.220000000005,6,6527.69,6638.7,6379.493333333335
2024-12-08 01:00:00,4747.85,13.1,9.2,77.0,122.0,5.5,1015.0,2024,12,8,1,0,4775.113333333338,6,6547.71,6618.25,6410.491666666666
2024-12-08 01:05:00,4722.41,13.1,9.2,77.0,122.0,5.5,1015.0,2024,12,8,1,5,4746.260000000005,6,6555.21,6555.4,6433.961666666667
2024-12-08 01:10:00,4700.03,13.1,9.2,77.0,122.0,5.5,1015.0,2024,12,8,1,10,4723.430000000005,6,6578.9,6517.61,6458.908333333333
2024-12-08 01:15:00,4685.02,13.1,9.2,77.0,122.0,5.5,1015.0,2024,12,8,1,15,4702.486666666671,6,6582.0,6477.66,6483.786666666667
2024-12-08 01:20:00,4669.47,13.1,9.2,77.0,122.0,5.5,1015.0,2024,12,8,1,20,4684.840000000005,6,6566.49,6440.19,6504.227500000001
2024-12-08 01:25:00,4641.96,13.1,9.2,77.0,122.0,5.5,1015.0,2024,12,8,1,25,4665.483333333338,6,6597.61,6389.67,6523.8983333333335
2024-12-08 01:30:00,4632.05,12.5,9.0,79.0,118.0,5.5,1014.8,2024,12,8,1,30,4647.826666666671,6,6603.59,6313.39,6538.240000000001
2024-12-08 01:35:00,4602.19,12.5,9.0,79.0,118.0,5.5,1014.8,2024,12,8,1,35,4625.400000000004,6,6605.15,6280.86,6551.056666666666
2024-12-08 01:40:00,4600.51,12.5,9.0,79.0,118.0,5.5,1014.8,2024,12,8,1,40,4611.5833333333385,6,6588.39,6246.85,6561.48
2024-12-08 01:45:00,4580.02,12.5,9.0,79.0,118.0,5.5,1014.8,2024,12,8,1,45,4594.240000000005,6,6585.77,6231.22,6571.134166666667
2024-12-08 01:50:00,4554.65,12.5,9.0,79.0,118.0,5.5,1014.8,2024,12,8,1,50,4578.393333333338,6,6559.05,6198.26,6574.796666666666
2024-12-08 01:55:00,4539.29,12.5,9.0,79.0,118.0,5.5,1014.8,2024,12,8,1,55,4557.986666666671,6,6532.86,6182.13,6575.2275
2024-12-08 02:00:00,4523.0,12.5,9.0,79.0,118.0,5.5,1014.8,2024,12,8,2,0,4538.980000000004,6,5029.92,6144.15,6448.745
2024-12-08 02:05:00,4496.64,12.5,9.0,79.0,118.0,5.5,1014.8,2024,12,8,2,5,4519.643333333338,6,4989.4,6112.97,6318.260833333333
2024-12-08 02:10:00,4475.61,12.5,9.0,79.0,118.0,5.5,1014.8,2024,12,8,2,10,4498.4166666666715,6,4980.41,6083.36,6185.053333333333
2024-12-08 02:15:00,4458.85,12.5,9.0,79.0,118.0,5.5,1014.8,2024,12,8,2,15,4477.033333333337,6,4953.88,6042.68,6049.376666666667
2024-12-08 02:20:00,4444.2,12.5,9.0,79.0,118.0,5.5,1014.8,2024,12,8,2,20,4459.553333333338,6,4947.97,6014.56,5914.5
2024-12-08 02:25:00,4426.15,12.5,9.0,79.0,118.0,5.5,1014.8,2024,12,8,2,25,4443.066666666671,6,4921.56,5975.17,5774.829166666666
2024-12-08 02:30:00,4410.77,12.0,8.7,80.0,112.0,3.7,1014.6,2024,12,8,2,30,4427.0400000000045,6,4885.75,5955.37,5631.675833333334
2024-12-08 02:35:00,4397.08,12.0,8.7,80.0,112.0,3.7,1014.6,2024,12,8,2,35,4411.3333333333385,6,4862.95,5926.95,5486.4925
2024-12-08 02:40:00,4376.9,12.0,8.7,80.0,112.0,3.7,1014.6,2024,12,8,2,40,4394.9166666666715,6,4846.54,5894.4,5341.338333333333
2024-12-08 02:45:00,4367.33,12.0,8.7,80.0,112.0,3.7,1014.6,2024,12,8,2,45,4380.436666666671,6,4829.17,5863.12,5194.955
2024-12-08 02:50:00,4346.86,12.0,8.7,80.0,112.0,3.7,1014.6,2024,12,8,2,50,4363.696666666671,6,4808.97,5852.34,5049.115
2024-12-08 02:55:00,4335.26,12.0,8.7,80.0,112.0,3.7,1014.6,2024,12,8,2,55,4349.816666666672,6,4768.52,5824.81,4902.086666666667
2024-12-08 03:00:00,4325.92,12.0,8.7,80.0,112.0,3.7,1014.6,2024,12,8,3,0,4336.013333333339,6,4747.85,5793.12,4878.580833333333
2024-12-08 03:05:00,4299.6,12.0,8.7,80.0,112.0,3.7,1014.6,2024,12,8,3,5,4320.260000000005,6,4722.41,5784.86,4856.331666666666
2024-12-08 03:10:00,4289.91,12.0,8.7,80.0,112.0,3.7,1014.6,2024,12,8,3,10,4305.143333333338,6,4700.03,5752.04,4832.966666666667
2024-12-08 03:15:00,4270.57,12.0,8.7,80.0,112.0,3.7,1014.6,2024,12,8,3,15,4286.693333333337,6,4685.02,5718.48,4810.5616666666665
2024-12-08 03:20:00,4267.48,12.0,8.7,80.0,112.0,3.7,1014.6,2024,12,8,3,20,4275.986666666671,6,4669.47,5696.78,4787.3533333333335
2024-12-08 03:25:00,4255.95,12.0,8.7,80.0,112.0,3.7,1014.6,2024,12,8,3,25,4264.6666666666715,6,4641.96,5674.64,4764.053333333333
2024-12-08 03:30:00,4224.37,11.8,8.6,81.0,109.0,5.5,1014.5,2024,12,8,3,30,4249.266666666671,6,4632.05,5656.66,4742.911666666667
2024-12-08 03:35:00,4230.74,11.8,8.6,81.0,109.0,5.5,1014.5,2024,12,8,3,35,4237.020000000005,6,4602.19,5618.35,4721.181666666666
2024-12-08 03:40:00,4229.23,11.8,8.6,81.0,109.0,5.5,1014.5,2024,12,8,3,40,4228.113333333338,6,4600.51,5591.32,4700.679166666667
2024-12-08 03:45:00,4220.16,11.8,8.6,81.0,109.0,5.5,1014.5,2024,12,8,3,45,4226.7100000000055,6,4580.02,5570.5,4679.916666666667
2024-12-08 03:50:00,4199.22,11.8,8.6,81.0,109.0,5.5,1014.5,2024,12,8,3,50,4216.2033333333375,6,4554.65,5543.79,4658.723333333333
2024-12-08 03:55:00,4198.69,11.8,8.6,81.0,109.0,5.5,1014.5,2024,12,8,3,55,4206.023333333338,6,4539.29,5514.57,4639.620833333333
2024-12-08 04:00:00,4175.6,11.8,8.6,81.0,109.0,5.5,1014.5,2024,12,8,4,0,4191.1700000000055,6,4523.0,5512.52,4620.883333333333
2024-12-08 04:05:00,4163.52,11.8,8.6,81.0,109.0,5.5,1014.5,2024,12,8,4,5,4179.270000000005,6,4496.64,5483.93,4602.069166666667
2024-12-08 04:10:00,4157.34,11.8,8.6,81.0,109.0,5.5,1014.5,2024,12,8,4,10,4165.486666666672,6,4475.61,5463.5,4583.3675
2024-12-08 04:15:00,4159.15,11.8,8.6,81.0,109.0,5.5,1014.5,2024,12,8,4,15,4160.003333333338,6,4458.85,5417.23,4564.5199999999995
2024-12-08 04:20:00,4145.87,11.8,8.6,81.0,109.0,5.5,1014.5,2024,12,8,4,20,4154.120000000004,6,4444.2,5402.54,4545.7475
2024-12-08 04:25:00,4134.48,11.8,8.6,81.0,109.0,5.5,1014.5,2024,12,8,4,25,4146.500000000005,6,4426.15,5384.02,4527.763333333333
2024-12-08 04:30:00,4138.42,11.6,8.6,82.0,107.0,5.5,1014.4,2024,12,8,4,30,4139.590000000005,6,4410.77,5354.92,4509.323333333333
2024-12-08 04:35:00,4122.75,11.6,8.6,82.0,107.0,5.5,1014.4,2024,12,8,4,35,4131.883333333338,6,4397.08,5352.31,4492.230833333334
2024-12-08 04:40:00,4120.58,11.6,8.6,82.0,107.0,5.5,1014.4,2024,12,8,4,40,4127.250000000005,6,4376.9,5327.16,4473.596666666667
2024-12-08 04:45:00,4110.67,11.6,8.6,82.0,107.0,5.5,1014.4,2024,12,8,4,45,4118.000000000005,6,4367.33,5298.11,4455.8724999999995
2024-12-08 04:50:00,4109.22,11.6,8.6,82.0,107.0,5.5,1014.4,2024,12,8,4,50,4113.490000000005,6,4346.86,5268.55,4438.556666666666
2024-12-08 04:55:00,4099.91,11.6,8.6,82.0,107.0,5.5,1014.4,2024,12,8,4,55,4106.600000000005,6,4335.26,5243.5,4421.554166666667
2024-12-08 05:00:00,4100.44,11.6,8.6,82.0,107.0,5.5,1014.4,2024,12,8,5,0,4103.190000000005,6,4325.92,5231.11,4405.130833333334
2024-12-08 05:05:00,4091.56,11.6,8.6,82.0,107.0,5.5,1014.4,2024,12,8,5,5,4097.303333333338,6,4299.6,5219.31,4388.7108333333335
2024-12-08 05:10:00,4108.03,11.6,8.6,82.0,107.0,5.5,1014.4,2024,12,8,5,10,4100.010000000005,6,4289.91,5168.98,4373.235833333333
2024-12-08 05:15:00,4122.41,11.6,8.6,82.0,107.0,5.5,1014.4,2024,12,8,5,15,4107.3333333333385,6,4270.57,5128.74,4357.545833333334
2024-12-08 05:20:00,4118.98,11.6,8.6,82.0,107.0,5.5,1014.4,2024,12,8,5,20,4116.473333333338,6,4267.48,5099.95,4342.819166666666
2024-12-08 05:25:00,4118.24,11.6,8.6,82.0,107.0,5.5,1014.4,2024,12,8,5,25,4119.876666666672,6,4255.95,5062.2,4328.635833333333
2024-12-08 05:30:00,4105.94,11.4,8.6,83.0,105.0,7.4,1014.3,2024,12,8,5,30,4114.386666666672,6,4224.37,5046.53,4313.1025
2024-12-08 05:35:00,4111.07,11.4,8.6,83.0,105.0,7.4,1014.3,2024,12,8,5,35,4111.750000000005,6,4230.74,5025.57,4299.240833333333
2024-12-08 05:40:00,4135.65,11.4,8.6,83.0,105.0,7.4,1014.3,2024,12,8,5,40,4117.553333333338,6,4229.23,4992.21,4286.935
2024-12-08 05:45:00,4130.56,11.4,8.6,83.0,105.0,7.4,1014.3,2024,12,8,5,45,4125.760000000005,6,4220.16,4966.61,4274.670833333334
2024-12-08 05:50:00,4124.57,11.4,8.6,83.0,105.0,7.4,1014.3,2024,12,8,5,50,4130.260000000005,6,4199.22,4949.23,4262.3675
2024-12-08 05:55:00,4125.72,11.4,8.6,83.0,105.0,7.4,1014.3,2024,12,8,5,55,4126.950000000005,6,4198.69,4917.18,4250.986666666667
2024-12-08 06:00:00,4126.92,11.4,8.6,83.0,105.0,7.4,1014.3,2024,12,8,6,0,4125.736666666671,6,4175.6,4894.69,4238.46
2024-12-08 06:05:00,4128.58,11.4,8.6,83.0,105.0,7.4,1014.3,2024,12,8,6,5,4127.073333333338,6,4163.52,4874.29,4227.12
2024-12-08 06:10:00,4152.14,11.4,8.6,83.0,105.0,7.4,1014.3,2024,12,8,6,10,4135.880000000005,6,4157.34,4861.38,4216.072499999999
2024-12-08 06:15:00,4203.07,11.4,8.6,83.0,105.0,7.4,1014.3,2024,12,8,6,15,4161.263333333339,6,4159.15,4859.35,4206.787499999999
2024-12-08 06:20:00,4218.12,11.4,8.6,83.0,105.0,7.4,1014.3,2024,12,8,6,20,4191.110000000004,6,4145.87,4856.26,4196.653333333334
2024-12-08 06:25:00,4232.79,11.4,8.6,83.0,105.0,7.4,1014.3,2024,12,8,6,25,4217.993333333338,6,4134.48,4868.72,4186.530833333333
2024-12-08 06:30:00,4266.34,12.0,8.7,80.0,109.0,7.4,1014.8,2024,12,8,6,30,4239.0833333333385,6,4138.42,4844.2,4179.368333333333
2024-12-08 06:35:00,4258.26,12.0,8.7,80.0,109.0,7.4,1014.8,2024,12,8,6,35,4252.463333333339,6,4122.75,4879.41,4170.369166666666
2024-12-08 06:40:00,4258.19,12.0,8.7,80.0,109.0,7.4,1014.8,2024,12,8,6,40,4260.930000000005,6,4120.58,4872.14,4161.315
2024-12-08 06:45:00,4261.81,12.0,8.7,80.0,109.0,7.4,1014.8,2024,12,8,6,45,4259.420000000005,6,4110.67,4842.35,4152.190833333333
2024-12-08 06:50:00,4300.07,12.0,8.7,80.0,109.0,7.4,1014.8,2024,12,8,6,50,4273.356666666671,6,4109.22,4821.66,4144.690833333333
2024-12-08 06:55:00,4262.22,12.0,8.7,80.0,109.0,7.4,1014.8,2024,12,8,6,55,4274.700000000005,6,4099.91,4847.67,4136.4591666666665
2024-12-08 07:00:00,4279.1,12.0,8.7,80.0,109.0,7.4,1014.8,2024,12,8,7,0,4280.463333333338,6,4100.44,4783.67,4130.195833333334
2024-12-08 07:05:00,4271.01,12.0,8.7,80.0,109.0,7.4,1014.8,2024,12,8,7,5,4270.776666666672,6,4091.56,4801.43,4124.199166666666
2024-12-08 07:10:00,4298.59,12.0,8.7,80.0,109.0,7.4,1014.8,2024,12,8,7,10,4282.900000000005,6,4108.03,4765.83,4120.09
2024-12-08 07:15:00,4337.06,12.0,8.7,80.0,109.0,7.4,1014.8,2024,12,8,7,15,4302.220000000006,6,4122.41,4750.65,4117.028333333333
2024-12-08 07:20:00,4327.65,12.0,8.7,80.0,109.0,7.4,1014.8,2024,12,8,7,20,4321.100000000005,6,4118.98,4721.32,4114.787499999999
2024-12-08 07:25:00,4294.77,12.0,8.7,80.0,109.0,7.4,1014.8,2024,12,8,7,25,4319.826666666671,6,4118.24,4758.95,4113.434166666667
2024-12-08 07:30:00,4299.95,12.6,8.7,77.0,112.0,7.4,1015.2,2024,12,8,7,30,4307.4566666666715,6,4105.94,4683.47,4110.7275
2024-12-08 07:35:00,4299.75,12.6,8.7,77.0,112.0,7.4,1015.2,2024,12,8,7,35,4298.156666666672,6,4111.07,4703.31,4109.754166666667
2024-12-08 07:40:00,4303.14,12.6,8.7,77.0,112.0,7.4,1015.2,2024,12,8,7,40,4300.946666666671,6,4135.65,4648.41,4111.01
2024-12-08 07:45:00,4283.45,12.6,8.7,77.0,112.0,7.4,1015.2,2024,12,8,7,45,4295.446666666671,6,4130.56,4642.66,4112.6675
2024-12-08 07:50:00,4312.46,12.6,8.7,77.0,112.0,7.4,1015.2,2024,12,8,7,50,4299.683333333338,6,4124.57,4646.32,4113.946666666667
2024-12-08 07:55:00,4289.49,12.6,8.7,77.0,112.0,7.4,1015.2,2024,12,8,7,55,4295.133333333338,6,4125.72,4706.5,4116.0975
2024-12-08 08:00:00,4300.0,12.6,8.7,77.0,112.0,7.4,1015.2,2024,12,8,8,0,4300.650000000005,6,4126.92,4729.39,4118.304166666666
2024-12-08 08:05:00,4328.12,12.6,8.7,77.0,112.0,7.4,1015.2,2024,12,8,8,5,4305.870000000005,6,4128.58,4649.19,4121.389166666667
2024-12-08 08:10:00,4340.99,12.6,8.7,77.0,112.0,7.4,1015.2,2024,12,8,8,10,4323.036666666671,6,4152.14,4682.69,4125.065
2024-12-08 08:15:00,4394.26,12.6,8.7,77.0,112.0,7.4,1015.2,2024,12,8,8,15,4354.4566666666715,6,4203.07,4675.06,4131.786666666666
2024-12-08 08:20:00,4392.33,12.6,8.7,77.0,112.0,7.4,1015.2,2024,12,8,8,20,4375.860000000005,6,4218.12,4701.26,4140.048333333333
2024-12-08 08:25:00,4424.03,12.6,8.7,77.0,112.0,7.4,1015.2,2024,12,8,8,25,4403.5400000000045,6,4232.79,4727.69,4149.594166666667
2024-12-08 08:30:00,4425.85,13.2,8.9,75.0,114.0,9.3,1015.6,2024,12,8,8,30,4414.070000000005,6,4266.34,4756.74,4162.9608333333335
2024-12-08 08:35:00,4408.48,13.2,8.9,75.0,114.0,9.3,1015.6,2024,12,8,8,35,4419.453333333338,6,4258.26,4752.5,4175.2266666666665
2024-12-08 08:40:00,4443.22,13.2,8.9,75.0,114.0,9.3,1015.6,2024,12,8,8,40,4425.850000000005,6,4258.19,4774.85,4185.438333333333
2024-12-08 08:45:00,4516.08,13.2,8.9,75.0,114.0,9.3,1015.6,2024,12,8,8,45,4455.926666666671,6,4261.81,4764.85,4196.3758333333335
2024-12-08 08:50:00,4487.49,13.2,8.9,75.0,114.0,9.3,1015.6,2024,12,8,8,50,4482.263333333339,6,4300.07,4809.29,4211.0008333333335
2024-12-08 08:55:00,4481.16,13.2,8.9,75.0,114.0,9.3,1015.6,2024,12,8,8,55,4494.910000000004,6,4262.22,4843.81,4222.3758333333335
2024-12-08 09:00:00,4550.04,13.2,8.9,75.0,114.0,9.3,1015.6,2024,12,8,9,0,4506.230000000005,6,4279.1,4852.66,4235.0575
2024-12-08 09:05:00,4564.61,13.2,8.9,75.0,114.0,9.3,1015.6,2024,12,8,9,5,4531.936666666672,6,4271.01,4880.62,4246.926666666667
2024-12-08 09:10:00,4602.12,13.2,8.9,75.0,114.0,9.3,1015.6,2024,12,8,9,10,4572.256666666672,6,4298.59,4946.46,4259.130833333334
2024-12-08 09:15:00,4686.08,13.2,8.9,75.0,114.0,9.3,1015.6,2024,12,8,9,15,4617.603333333338,6,4337.06,4935.83,4270.296666666666
2024-12-08 09:20:00,4712.09,13.2,8.9,75.0,114.0,9.3,1015.6,2024,12,8,9,20,4666.763333333339,6,4327.65,5017.89,4279.424166666667
2024-12-08 09:25:00,4771.48,13.2,8.9,75.0,114.0,9.3,1015.6,2024,12,8,9,25,4723.216666666672,6,4294.77,5094.77,4284.589166666668
2024-12-08 09:30:00,4813.5,15.4,8.6,64.0,122.0,11.1,1015.4,2024,12,8,9,30,4765.690000000005,6,4299.95,5206.2,4287.39
2024-12-08 09:35:00,4870.27,15.4,8.6,64.0,122.0,11.1,1015.4,2024,12,8,9,35,4818.4166666666715,6,4299.75,5229.6,4290.8475
2024-12-08 09:40:00,4971.73,15.4,8.6,64.0,122.0,11.1,1015.4,2024,12,8,9,40,4885.1666666666715,6,4303.14,5309.32,4294.593333333333
2024-12-08 09:45:00,4930.64,15.4,8.6,64.0,122.0,11.1,1015.4,2024,12,8,9,45,4924.213333333338,6,4283.45,5334.53,4296.3966666666665
2024-12-08 09:50:00,4996.17,15.4,8.6,64.0,122.0,11.1,1015.4,2024,12,8,9,50,4966.180000000005,6,4312.46,5360.88,4297.429166666667
2024-12-08 09:55:00,5023.98,15.4,8.6,64.0,122.0,11.1,1015.4,2024,12,8,9,55,4983.596666666672,6,4289.49,5422.8,4299.701666666667
2024-12-08 10:00:00,5096.15,15.4,8.6,64.0,122.0,11.1,1015.4,2024,12,8,10,0,5038.766666666671,6,4300.0,5461.06,4301.443333333334
2024-12-08 10:05:00,5055.23,15.4,8.6,64.0,122.0,11.1,1015.4,2024,12,8,10,5,5058.4533333333375,6,4328.12,5483.52,4306.2025
2024-12-08 10:10:00,5114.31,15.4,8.6,64.0,122.0,11.1,1015.4,2024,12,8,10,10,5088.563333333338,6,4340.99,5545.7,4309.735833333333
2024-12-08 10:15:00,5137.7,15.4,8.6,64.0,122.0,11.1,1015.4,2024,12,8,10,15,5102.413333333338,6,4394.26,5567.17,4314.5025000000005
2024-12-08 10:20:00,5227.18,15.4,8.6,64.0,122.0,11.1,1015.4,2024,12,8,10,20,5159.730000000006,6,4392.33,5630.84,4319.8925
2024-12-08 10:25:00,5219.98,15.4,8.6,64.0,122.0,11.1,1015.4,2024,12,8,10,25,5194.953333333338,6,4424.03,5645.31,4330.6641666666665
2024-12-08 10:30:00,5230.48,17.6,8.5,55.0,128.0,13.0,1015.1,2024,12,8,10,30,5225.880000000005,6,4425.85,5686.27,4341.155833333333
2024-12-08 10:35:00,5258.78,17.6,8.5,55.0,128.0,13.0,1015.1,2024,12,8,10,35,5236.4133333333375,6,4408.48,5646.45,4350.216666666666
2024-12-08 10:40:00,5282.12,17.6,8.5,55.0,128.0,13.0,1015.1,2024,12,8,10,40,5257.126666666671,6,4443.22,5723.98,4361.89
2024-12-08 10:45:00,5337.31,17.6,8.5,55.0,128.0,13.0,1015.1,2024,12,8,10,45,5292.736666666671,6,4516.08,5706.74,4381.275833333333
2024-12-08 10:50:00,5327.73,17.6,8.5,55.0,128.0,13.0,1015.1,2024,12,8,10,50,5315.720000000005,6,4487.49,5759.97,4395.861666666667
2024-12-08 10:55:00,5364.65,17.6,8.5,55.0,128.0,13.0,1015.1,2024,12,8,10,55,5343.230000000005,6,4481.16,5790.48,4411.8341666666665
2024-12-08 11:00:00,5367.22,17.6,8.5,55.0,128.0,13.0,1015.1,2024,12,8,11,0,5353.200000000004,6,4550.04,5771.24,4432.670833333334
2024-12-08 11:05:00,5385.02,17.6,8.5,55.0,128.0,13.0,1015.1,2024,12,8,11,5,5372.296666666672,6,4564.61,5844.73,4452.378333333333
2024-12-08 11:10:00,5382.05,17.6,8.5,55.0,128.0,13.0,1015.1,2024,12,8,11,10,5378.096666666672,6,4602.12,5841.31,4474.139166666667
2024-12-08 11:15:00,5240.65,17.6,8.5,55.0,128.0,13.0,1015.1,2024,12,8,11,15,5335.906666666671,6,4686.08,5853.5,4498.4574999999995
2024-12-08 11:20:00,5526.42,17.6,8.5,55.0,128.0,13.0,1015.1,2024,12,8,11,20,5383.040000000005,6,4712.09,5834.49,4525.104166666667
2024-12-08 11:25:00,5532.31,17.6,8.5,55.0,128.0,13.0,1015.1,2024,12,8,11,25,5433.126666666672,6,4771.48,5875.12,4554.058333333333
2024-12-08 11:30:00,5501.95,19.8,8.2,47.0,132.0,14.8,1014.8,2024,12,8,11,30,5520.226666666672,6,4813.5,5862.84,4586.3625
2024-12-08 11:35:00,5549.51,19.8,8.2,47.0,132.0,14.8,1014.8,2024,12,8,11,35,5527.923333333339,6,4870.27,5892.31,4624.845
2024-12-08 11:40:00,5580.43,19.8,8.2,47.0,132.0,14.8,1014.8,2024,12,8,11,40,5543.963333333338,6,4971.73,5889.76,4668.8875
2024-12-08 11:45:00,5547.85,19.8,8.2,47.0,132.0,14.8,1014.8,2024,12,8,11,45,5559.263333333339,6,4930.64,5853.41,4703.434166666667
2024-12-08 11:50:00,5550.01,19.8,8.2,47.0,132.0,14.8,1014.8,2024,12,8,11,50,5559.430000000005,6,4996.17,5921.97,4745.824166666666
2024-12-08 11:55:00,5514.5,19.8,8.2,47.0,132.0,14.8,1014.8,2024,12,8,11,55,5537.453333333338,6,5023.98,5940.95,4791.059166666667
2024-12-08 12:00:00,5367.26,19.8,8.2,47.0,132.0,14.8,1014.8,2024,12,8,12,0,5477.256666666672,6,5096.15,5950.53,4836.568333333333
2024-12-08 12:05:00,5411.87,19.8,8.2,47.0,132.0,14.8,1014.8,2024,12,8,12,5,5431.2100000000055,6,5055.23,5910.75,4877.453333333334
2024-12-08 12:10:00,5456.04,19.8,8.2,47.0,132.0,14.8,1014.8,2024,12,8,12,10,5411.723333333338,6,5114.31,5963.98,4920.135833333333
2024-12-08 12:15:00,5462.45,19.8,8.2,47.0,132.0,14.8,1014.8,2024,12,8,12,15,5443.453333333338,6,5137.7,5984.54,4957.770833333333
2024-12-08 12:20:00,5390.65,19.8,8.2,47.0,132.0,14.8,1014.8,2024,12,8,12,20,5436.380000000005,6,5227.18,5971.54,5000.695000000001
2024-12-08 12:25:00,5444.92,19.8,8.2,47.0,132.0,14.8,1014.8,2024,12,8,12,25,5432.673333333339,6,5219.98,5979.17,5038.07
2024-12-08 12:30:00,5439.06,20.2,8.5,47.0,131.0,14.8,1013.7,2024,12,8,12,30,5424.876666666672,6,5230.48,5992.8,5072.818333333334
2024-12-08 12:35:00,5429.84,20.2,8.5,47.0,131.0,14.8,1013.7,2024,12,8,12,35,5437.940000000005,6,5258.78,5989.82,5105.194166666667
2024-12-08 12:40:00,5404.07,20.2,8.5,47.0,131.0,14.8,1013.7,2024,12,8,12,40,5424.323333333338,6,5282.12,5996.07,5131.0599999999995
2024-12-08 12:45:00,5463.1,20.2,8.5,47.0,131.0,14.8,1013.7,2024,12,8,12,45,5432.336666666672,6,5337.31,6025.52,5164.949166666666
2024-12-08 12:50:00,5453.53,20.2,8.5,47.0,131.0,14.8,1013.7,2024,12,8,12,50,5440.233333333338,6,5327.73,5931.94,5192.579166666666
2024-12-08 12:55:00,5425.27,20.2,8.5,47.0,131.0,14.8,1013.7,2024,12,8,12,55,5447.300000000006,6,5364.65,6035.24,5220.968333333333
2024-12-08 13:00:00,5373.53,20.2,8.5,47.0,131.0,14.8,1013.7,2024,12,8,13,0,5417.443333333338,6,5367.22,5941.73,5243.5575
2024-12-08 13:05:00,5281.08,20.2,8.5,47.0,131.0,14.8,1013.7,2024,12,8,13,5,5359.960000000005,6,5385.02,6014.56,5271.04
2024-12-08 13:10:00,5294.46,20.2,8.5,47.0,131.0,14.8,1013.7,2024,12,8,13,10,5316.356666666671,6,5382.05,5914.68,5293.3516666666665
2024-12-08 13:15:00,5260.7,20.2,8.5,47.0,131.0,14.8,1013.7,2024,12,8,13,15,5278.746666666671,6,5240.65,5866.21,5301.930833333333
2024-12-08 13:20:00,5300.86,20.2,8.5,47.0,131.0,14.8,1013.7,2024,12,8,13,20,5285.340000000005,6,5526.42,5840.97,5326.867499999999
2024-12-08 13:25:00,5295.19,20.2,8.5,47.0,131.0,14.8,1013.7,2024,12,8,13,25,5285.5833333333385,6,5532.31,5820.93,5352.8949999999995
2024-12-08 13:30:00,5267.32,20.5,8.5,46.0,129.0,16.7,1012.5,2024,12,8,13,30,5287.7900000000045,6,5501.95,5854.83,5375.5175
2024-12-08 13:35:00,5326.18,20.5,8.5,46.0,129.0,16.7,1012.5,2024,12,8,13,35,5296.230000000004,6,5549.51,5874.17,5399.745
2024-12-08 13:40:00,5299.21,20.5,8.5,46.0,129.0,16.7,1012.5,2024,12,8,13,40,5297.570000000004,6,5580.43,5898.94,5424.604166666667
2024-12-08 13:45:00,5322.88,20.5,8.5,46.0,129.0,16.7,1012.5,2024,12,8,13,45,5316.090000000005,6,5547.85,5964.97,5442.149166666667
2024-12-08 13:50:00,5330.59,20.5,8.5,46.0,129.0,16.7,1012.5,2024,12,8,13,50,5317.560000000005,6,5550.01,5997.71,5460.672500000001
2024-12-08 13:55:00,5321.35,20.5,8.5,46.0,129.0,16.7,1012.5,2024,12,8,13,55,5324.940000000005,6,5514.5,6041.75,5473.16
2024-12-08 14:00:00,5335.98,20.5,8.5,46.0,129.0,16.7,1012.5,2024,12,8,14,0,5329.306666666672,6,5367.26,6111.21,5473.163333333334
2024-12-08 14:05:00,5343.57,20.5,8.5,46.0,129.0,16.7,1012.5,2024,12,8,14,5,5333.633333333338,6,5411.87,6110.42,5475.400833333333
2024-12-08 14:10:00,5317.1,20.5,8.5,46.0,129.0,16.7,1012.5,2024,12,8,14,10,5332.216666666672,6,5456.04,6173.73,5481.566666666667
2024-12-08 14:15:00,5367.79,20.5,8.5,46.0,129.0,16.7,1012.5,2024,12,8,14,15,5342.820000000004,6,5462.45,6220.18,5500.05
2024-12-08 14:20:00,5370.52,20.5,8.5,46.0,129.0,16.7,1012.5,2024,12,8,14,20,5351.803333333338,6,5390.65,6275.61,5488.735833333333
2024-12-08 14:25:00,5383.14,20.5,8.5,46.0,129.0,16.7,1012.5,2024,12,8,14,25,5373.816666666672,6,5444.92,6304.65,5481.453333333334
2024-12-08 14:30:00,5380.64,20.9,8.5,45.0,127.0,16.7,1011.4,2024,12,8,14,30,5378.100000000005,6,5439.06,6392.64,5476.212500000001
2024-12-08 14:35:00,5402.39,20.9,8.5,45.0,127.0,16.7,1011.4,2024,12,8,14,35,5388.723333333338,6,5429.84,6394.75,5466.240000000001
2024-12-08 14:40:00,5390.24,20.9,8.5,45.0,127.0,16.7,1011.4,2024,12,8,14,40,5391.090000000005,6,5404.07,6384.06,5451.543333333333
2024-12-08 14:45:00,5427.82,20.9,8.5,45.0,127.0,16.7,1011.4,2024,12,8,14,45,5406.816666666672,6,5463.1,6445.37,5444.480833333333
2024-12-08 14:50:00,5421.35,20.9,8.5,45.0,127.0,16.7,1011.4,2024,12,8,14,50,5413.136666666672,6,5453.53,6462.33,5436.440833333333
2024-12-08 14:55:00,5431.06,20.9,8.5,45.0,127.0,16.7,1011.4,2024,12,8,14,55,5426.743333333338,6,5425.27,6480.3,5429.005
2024-12-08 15:00:00,5434.57,20.9,8.5,45.0,127.0,16.7,1011.4,2024,12,8,15,0,5428.993333333338,6,5373.53,6453.87,5429.5275
2024-12-08 15:05:00,5448.55,20.9,8.5,45.0,127.0,16.7,1011.4,2024,12,8,15,5,5438.060000000005,6,5281.08,6463.56,5418.628333333333
2024-12-08 15:10:00,5462.81,20.9,8.5,45.0,127.0,16.7,1011.4,2024,12,8,15,10,5448.643333333338,6,5294.46,6508.66,5405.163333333333
2024-12-08 15:15:00,5460.06,20.9,8.5,45.0,127.0,16.7,1011.4,2024,12,8,15,15,5457.140000000005,6,5260.7,6505.18,5388.350833333333
2024-12-08 15:20:00,5470.69,20.9,8.5,45.0,127.0,16.7,1011.4,2024,12,8,15,20,5464.520000000005,6,5300.86,6499.14,5380.868333333333
2024-12-08 15:25:00,5449.56,20.9,8.5,45.0,127.0,16.7,1011.4,2024,12,8,15,25,5460.103333333338,6,5295.19,6484.52,5368.390833333334
2024-12-08 15:30:00,5459.42,20.3,8.9,48.0,123.0,16.7,1011.3,2024,12,8,15,30,5459.890000000005,6,5267.32,6487.93,5354.079166666667
2024-12-08 15:35:00,5466.22,20.3,8.9,48.0,123.0,16.7,1011.3,2024,12,8,15,35,5458.400000000005,6,5326.18,6472.68,5345.440833333333
2024-12-08 15:40:00,5482.56,20.3,8.9,48.0,123.0,16.7,1011.3,2024,12,8,15,40,5469.400000000005,6,5299.21,6449.61,5336.7025
2024-12-08 15:45:00,5416.88,20.3,8.9,48.0,123.0,16.7,1011.3,2024,12,8,15,45,5455.220000000005,6,5322.88,6469.62,5325.0175
2024-12-08 15:50:00,5430.54,20.3,8.9,48.0,123.0,16.7,1011.3,2024,12,8,15,50,5443.326666666671,6,5330.59,6419.66,5314.7725
2024-12-08 15:55:00,5422.25,20.3,8.9,48.0,123.0,16.7,1011.3,2024,12,8,15,55,5423.223333333338,6,5321.35,6395.97,5306.1125
2024-12-08 16:00:00,5446.22,20.3,8.9,48.0,123.0,16.7,1011.3,2024,12,8,16,0,5433.003333333339,6,5335.98,6397.33,5302.983333333334
2024-12-08 16:05:00,5450.29,20.3,8.9,48.0,123.0,16.7,1011.3,2024,12,8,16,5,5439.586666666672,6,5343.57,6354.62,5308.190833333333
2024-12-08 16:10:00,5357.86,20.3,8.9,48.0,123.0,16.7,1011.3,2024,12,8,16,10,5418.1233333333375,6,5317.1,6353.0,5310.0775
2024-12-08 16:15:00,5377.07,20.3,8.9,48.0,123.0,16.7,1011.3,2024,12,8,16,15,5395.073333333337,6,5367.79,6344.74,5319.001666666667
2024-12-08 16:20:00,5403.83,20.3,8.9,48.0,123.0,16.7,1011.3,2024,12,8,16,20,5379.586666666671,6,5370.52,6349.3,5324.806666666666
2024-12-08 16:25:00,5346.48,20.3,8.9,48.0,123.0,16.7,1011.3,2024,12,8,16,25,5375.793333333338,6,5383.14,6267.39,5332.135833333333
2024-12-08 16:30:00,5366.18,19.6,8.9,50.0,117.0,14.8,1011.1,2024,12,8,16,30,5372.1633333333375,6,5380.64,6299.51,5341.579166666666
2024-12-08 16:35:00,5348.62,19.6,8.9,50.0,117.0,14.8,1011.1,2024,12,8,16,35,5353.760000000005,6,5402.39,6282.3,5347.93
2024-12-08 16:40:00,5350.53,19.6,8.9,50.0,117.0,14.8,1011.1,2024,12,8,16,40,5355.110000000004,6,5390.24,6251.61,5355.515833333334
2024-12-08 16:45:00,5340.97,19.6,8.9,50.0,117.0,14.8,1011.1,2024,12,8,16,45,5346.7066666666715,6,5427.82,6226.78,5364.260833333334
2024-12-08 16:50:00,5353.28,19.6,8.9,50.0,117.0,14.8,1011.1,2024,12,8,16,50,5348.260000000005,6,5421.35,6193.99,5371.824166666666
2024-12-08 16:55:00,5299.9,19.6,8.9,50.0,117.0,14.8,1011.1,2024,12,8,16,55,5331.383333333339,6,5431.06,6204.77,5380.966666666666
2024-12-08 17:00:00,5368.69,19.6,8.9,50.0,117.0,14.8,1011.1,2024,12,8,17,0,5340.6233333333375,6,5434.57,6164.3,5389.1825
2024-12-08 17:05:00,5315.0,19.6,8.9,50.0,117.0,14.8,1011.1,2024,12,8,17,5,5327.863333333338,6,5448.55,6154.52,5397.930833333333
2024-12-08 17:10:00,5341.09,19.6,8.9,50.0,117.0,14.8,1011.1,2024,12,8,17,10,5341.593333333338,6,5462.81,6120.69,5410.073333333333
2024-12-08 17:15:00,5341.36,19.6,8.9,50.0,117.0,14.8,1011.1,2024,12,8,17,15,5332.483333333338,6,5460.06,6107.89,5417.7625
2024-12-08 17:20:00,5371.58,19.6,8.9,50.0,117.0,14.8,1011.1,2024,12,8,17,20,5351.343333333338,6,5470.69,6067.73,5426.11
2024-12-08 17:25:00,5303.64,19.6,8.9,50.0,117.0,14.8,1011.1,2024,12,8,17,25,5338.860000000005,6,5449.56,6050.43,5431.645
2024-12-08 17:30:00,5372.17,18.9,9.1,53.0,109.0,13.0,1010.9,2024,12,8,17,30,5349.130000000006,6,5459.42,6039.84,5438.21
2024-12-08 17:35:00,5335.26,18.9,9.1,53.0,109.0,13.0,1010.9,2024,12,8,17,35,5337.023333333339,6,5466.22,6021.22,5443.529166666667
2024-12-08 17:40:00,5303.83,18.9,9.1,53.0,109.0,13.0,1010.9,2024,12,8,17,40,5337.086666666672,6,5482.56,6017.39,5451.2225
2024-12-08 17:45:00,5317.08,18.9,9.1,53.0,109.0,13.0,1010.9,2024,12,8,17,45,5318.723333333338,6,5416.88,5930.21,5450.310833333334
2024-12-08 17:50:00,5318.2,18.9,9.1,53.0,109.0,13.0,1010.9,2024,12,8,17,50,5313.036666666671,6,5430.54,5969.85,5451.076666666667
2024-12-08 17:55:00,5326.27,18.9,9.1,53.0,109.0,13.0,1010.9,2024,12,8,17,55,5320.516666666671,6,5422.25,5967.13,5450.3425
2024-12-08 18:00:00,5276.67,18.9,9.1,53.0,109.0,13.0,1010.9,2024,12,8,18,0,5307.046666666672,6,5446.22,5920.36,5451.3133333333335
2024-12-08 18:05:00,5283.55,18.9,9.1,53.0,109.0,13.0,1010.9,2024,12,8,18,5,5295.496666666671,6,5450.29,5896.89,5451.458333333333
2024-12-08 18:10:00,5302.37,18.9,9.1,53.0,109.0,13.0,1010.9,2024,12,8,18,10,5287.530000000005,6,5357.86,5893.75,5442.712500000001
2024-12-08 18:15:00,5281.01,18.9,9.1,53.0,109.0,13.0,1010.9,2024,12,8,18,15,5288.976666666672,6,5377.07,5850.51,5435.796666666666
2024-12-08 18:20:00,5297.28,18.9,9.1,53.0,109.0,13.0,1010.9,2024,12,8,18,20,5293.553333333338,6,5403.83,5792.93,5430.225
2024-12-08 18:25:00,5222.96,18.9,9.1,53.0,109.0,13.0,1010.9,2024,12,8,18,25,5267.0833333333385,6,5346.48,5824.21,5421.634999999999
2024-12-08 18:30:00,5245.67,17.9,9.5,58.0,113.0,13.0,1011.3,2024,12,8,18,30,5255.303333333338,6,5366.18,5777.31,5413.865
2024-12-08 18:35:00,5252.19,17.9,9.5,58.0,113.0,13.0,1011.3,2024,12,8,18,35,5240.273333333338,6,5348.62,5789.64,5404.065
2024-12-08 18:40:00,5252.92,17.9,9.5,58.0,113.0,13.0,1011.3,2024,12,8,18,40,5250.260000000005,6,5350.53,5776.75,5393.0625
2024-12-08 18:45:00,5250.04,17.9,9.5,58.0,113.0,13.0,1011.3,2024,12,8,18,45,5251.716666666672,6,5340.97,5732.91,5386.736666666667
2024-12-08 18:50:00,5247.67,17.9,9.5,58.0,113.0,13.0,1011.3,2024,12,8,18,50,5250.2100000000055,6,5353.28,5707.59,5380.298333333333
2024-12-08 18:55:00,5260.12,17.9,9.5,58.0,113.0,13.0,1011.3,2024,12,8,18,55,5252.610000000005,6,5299.9,5724.27,5370.1025
2024-12-08 19:00:00,5221.54,17.9,9.5,58.0,113.0,13.0,1011.3,2024,12,8,19,0,5243.110000000005,6,5368.69,5726.06,5363.641666666666
2024-12-08 19:05:00,5227.86,17.9,9.5,58.0,113.0,13.0,1011.3,2024,12,8,19,5,5236.506666666671,6,5315.0,5674.65,5352.3675
2024-12-08 19:10:00,5240.57,17.9,9.5,58.0,113.0,13.0,1011.3,2024,12,8,19,10,5229.990000000004,6,5341.09,5755.09,5350.97
2024-12-08 19:15:00,5285.48,17.9,9.5,58.0,113.0,13.0,1011.3,2024,12,8,19,15,5251.303333333338,6,5341.36,5727.8,5347.994166666666
2024-12-08 19:20:00,5305.12,17.9,9.5,58.0,113.0,13.0,1011.3,2024,12,8,19,20,5277.056666666671,6,5371.58,5727.19,5345.306666666666
2024-12-08 19:25:00,5282.96,17.9,9.5,58.0,113.0,13.0,1011.3,2024,12,8,19,25,5291.186666666671,6,5303.64,5726.54,5341.736666666667
2024-12-08 19:30:00,5263.95,16.8,10.0,64.0,118.0,13.0,1011.8,2024,12,8,19,30,5284.010000000005,6,5372.17,5690.89,5342.235833333333
2024-12-08 19:35:00,5289.34,16.8,10.0,64.0,118.0,13.0,1011.8,2024,12,8,19,35,5278.750000000005,6,5335.26,5734.65,5341.1225
2024-12-08 19:40:00,5293.62,16.8,10.0,64.0,118.0,13.0,1011.8,2024,12,8,19,40,5282.303333333338,6,5303.83,5766.55,5337.230833333334
2024-12-08 19:45:00,5344.27,16.8,10.0,64.0,118.0,13.0,1011.8,2024,12,8,19,45,5309.076666666671,6,5317.08,5795.47,5335.24
2024-12-08 19:50:00,5315.44,16.8,10.0,64.0,118.0,13.0,1011.8,2024,12,8,19,50,5317.776666666671,6,5318.2,5791.44,5332.316666666667
2024-12-08 19:55:00,5284.57,16.8,10.0,64.0,118.0,13.0,1011.8,2024,12,8,19,55,5314.760000000005,6,5326.27,5861.21,5334.514166666667
2024-12-08 20:00:00,5298.13,16.8,10.0,64.0,118.0,13.0,1011.8,2024,12,8,20,0,5299.380000000005,6,5276.67,5868.37,5326.845833333333
2024-12-08 20:05:00,5265.63,16.8,10.0,64.0,118.0,13.0,1011.8,2024,12,8,20,5,5282.776666666672,6,5283.55,5844.64,5324.224999999999
2024-12-08 20:10:00,5239.92,16.8,10.0,64.0,118.0,13.0,1011.8,2024,12,8,20,10,5267.893333333338,6,5302.37,5862.1,5320.998333333334
2024-12-08 20:15:00,5287.92,16.8,10.0,64.0,118.0,13.0,1011.8,2024,12,8,20,15,5264.490000000005,6,5281.01,5840.92,5315.969166666667
2024-12-08 20:20:00,5339.69,16.8,10.0,64.0,118.0,13.0,1011.8,2024,12,8,20,20,5289.176666666671,6,5297.28,5806.31,5309.7775
2024-12-08 20:25:00,5256.72,16.8,10.0,64.0,118.0,13.0,1011.8,2024,12,8,20,25,5294.776666666672,6,5222.96,5857.03,5303.054166666667
2024-12-08 20:30:00,5293.69,15.8,10.3,70.0,126.0,13.0,1012.3,2024,12,8,20,30,5296.700000000004,6,5245.67,5892.52,5292.5125
2024-12-08 20:35:00,5309.99,15.8,10.3,70.0,126.0,13.0,1012.3,2024,12,8,20,35,5286.800000000005,6,5252.19,5913.14,5285.59
2024-12-08 20:40:00,5301.09,15.8,10.3,70.0,126.0,13.0,1012.3,2024,12,8,20,40,5301.590000000005,6,5252.92,5890.58,5281.3475
2024-12-08 20:45:00,5269.47,15.8,10.3,70.0,126.0,13.0,1012.3,2024,12,8,20,45,5293.516666666671,6,5250.04,5946.57,5275.760833333334
2024-12-08 20:50:00,5276.72,15.8,10.3,70.0,126.0,13.0,1012.3,2024,12,8,20,50,5282.426666666672,6,5247.67,5923.97,5269.883333333333
2024-12-08 20:55:00,5263.89,15.8,10.3,70.0,126.0,13.0,1012.3,2024,12,8,20,55,5270.026666666672,6,5260.12,5894.56,5264.370833333333
2024-12-08 21:00:00,5248.87,15.8,10.3,70.0,126.0,13.0,1012.3,2024,12,8,21,0,5263.160000000004,6,5221.54,5936.74,5259.776666666667
2024-12-08 21:05:00,5240.42,15.8,10.3,70.0,126.0,13.0,1012.3,2024,12,8,21,5,5251.060000000005,6,5227.86,5945.1,5255.135833333333
2024-12-08 21:10:00,5245.72,15.8,10.3,70.0,126.0,13.0,1012.3,2024,12,8,21,10,5245.003333333339,6,5240.57,5946.46,5249.985833333333
2024-12-08 21:15:00,5249.49,15.8,10.3,70.0,126.0,13.0,1012.3,2024,12,8,21,15,5245.2100000000055,6,5285.48,5940.55,5250.358333333334
2024-12-08 21:20:00,5243.07,15.8,10.3,70.0,126.0,13.0,1012.3,2024,12,8,21,20,5246.093333333338,6,5305.12,5971.53,5251.011666666666
2024-12-08 21:25:00,5295.43,15.8,10.3,70.0,126.0,13.0,1012.3,2024,12,8,21,25,5262.6633333333375,6,5282.96,5978.92,5256.011666666666
2024-12-08 21:30:00,5342.45,15.1,10.5,74.0,122.0,9.3,1012.6,2024,12,8,21,30,5293.650000000005,6,5263.95,6052.63,5257.535
2024-12-08 21:35:00,5313.12,15.1,10.5,74.0,122.0,9.3,1012.6,2024,12,8,21,35,5317.000000000005,6,5289.34,6052.12,5260.630833333333
2024-12-08 21:40:00,5355.82,15.1,10.5,74.0,122.0,9.3,1012.6,2024,12,8,21,40,5337.130000000005,6,5293.62,6097.47,5264.0225
2024-12-08 21:45:00,5348.58,15.1,10.5,74.0,122.0,9.3,1012.6,2024,12,8,21,45,5339.173333333339,6,5344.27,6133.59,5271.875
2024-12-08 21:50:00,5359.98,15.1,10.5,74.0,122.0,9.3,1012.6,2024,12,8,21,50,5354.7933333333385,6,5315.44,6151.2,5277.5225
2024-12-08 21:55:00,5377.55,15.1,10.5,74.0,122.0,9.3,1012.6,2024,12,8,21,55,5362.036666666671,6,5284.57,6215.94,5279.5599999999995
2024-12-08 22:00:00,5394.65,15.1,10.5,74.0,122.0,9.3,1012.6,2024,12,8,22,0,5377.393333333338,6,5298.13,6175.73,5285.9425
2024-12-08 22:05:00,5391.45,15.1,10.5,74.0,122.0,9.3,1012.6,2024,12,8,22,5,5387.883333333339,6,5265.63,6273.57,5289.09
2024-12-08 22:10:00,5373.48,15.1,10.5,74.0,122.0,9.3,1012.6,2024,12,8,22,10,5386.526666666671,6,5239.92,6279.54,5289.035833333333
2024-12-08 22:15:00,5350.47,15.1,10.5,74.0,122.0,9.3,1012.6,2024,12,8,22,15,5371.800000000005,6,5287.92,6283.46,5289.239166666666
2024-12-08 22:20:00,5361.89,15.1,10.5,74.0,122.0,9.3,1012.6,2024,12,8,22,20,5361.946666666671,6,5339.69,6321.2,5292.12
2024-12-08 22:25:00,5324.59,15.1,10.5,74.0,122.0,9.3,1012.6,2024,12,8,22,25,5345.650000000005,6,5256.72,6361.56,5289.933333333333
2024-12-08 22:30:00,5331.78,14.4,10.6,78.0,113.0,7.4,1013.0,2024,12,8,22,30,5339.420000000005,6,5293.69,6431.49,5292.411666666667
2024-12-08 22:35:00,5279.82,14.4,10.6,78.0,113.0,7.4,1013.0,2024,12,8,22,35,5312.063333333338,6,5309.99,6451.35,5294.132500000001
2024-12-08 22:40:00,5270.39,14.4,10.6,78.0,113.0,7.4,1013.0,2024,12,8,22,40,5293.9966666666705,6,5301.09,6463.31,5294.755
2024-12-08 22:45:00,5251.13,14.4,10.6,78.0,113.0,7.4,1013.0,2024,12,8,22,45,5267.113333333338,6,5269.47,6469.92,5288.5216666666665
2024-12-08 22:50:00,5222.64,14.4,10.6,78.0,113.0,7.4,1013.0,2024,12,8,22,50,5248.053333333338,6,5276.72,6515.1,5285.295
2024-12-08 22:55:00,5203.82,14.4,10.6,78.0,113.0,7.4,1013.0,2024,12,8,22,55,5225.863333333338,6,5263.89,6527.69,5283.571666666667
2024-12-08 23:00:00,5209.09,14.4,10.6,78.0,113.0,7.4,1013.0,2024,12,8,23,0,5211.850000000005,6,5248.87,6547.71,5279.466666666666
2024-12-08 23:05:00,5143.51,14.4,10.6,78.0,113.0,7.4,1013.0,2024,12,8,23,5,5185.473333333339,6,5240.42,6555.21,5277.365833333333
2024-12-08 23:10:00,5135.44,14.4,10.6,78.0,113.0,7.4,1013.0,2024,12,8,23,10,5162.680000000005,6,5245.72,6578.9,5277.849166666667
2024-12-08 23:15:00,5128.55,14.4,10.6,78.0,113.0,7.4,1013.0,2024,12,8,23,15,5135.8333333333385,6,5249.49,6582.0,5274.6466666666665
2024-12-08 23:20:00,5138.45,14.4,10.6,78.0,113.0,7.4,1013.0,2024,12,8,23,20,5134.146666666671,6,5243.07,6566.49,5266.595
2024-12-08 23:25:00,5127.69,14.4,10.6,78.0,113.0,7.4,1013.0,2024,12,8,23,25,5131.563333333338,6,5295.43,6597.61,5269.820833333333
2024-12-08 23:30:00,5104.27,13.7,10.7,82.0,61.0,3.7,1013.4,2024,12,8,23,30,5123.470000000005,6,5342.45,6603.59,5273.884166666667
2024-12-08 23:35:00,5092.29,13.7,10.7,82.0,61.0,3.7,1013.4,2024,12,8,23,35,5108.0833333333385,6,5313.12,6605.15,5274.1449999999995
2024-12-08 23:40:00,5089.56,13.7,10.7,82.0,61.0,3.7,1013.4,2024,12,8,23,40,5095.373333333339,6,5355.82,6588.39,5278.705833333333
2024-12-08 23:45:00,5080.36,13.7,10.7,82.0,61.0,3.7,1013.4,2024,12,8,23,45,5087.403333333338,6,5348.58,6585.77,5285.298333333333
2024-12-08 23:50:00,5040.29,13.7,10.7,82.0,61.0,3.7,1013.4,2024,12,8,23,50,5070.070000000004,6,5359.98,6559.05,5292.236666666667
2024-12-08 23:55:00,5018.08,13.7,10.7,82.0,61.0,3.7,1013.4,2024,12,8,23,55,5046.243333333338,6,5377.55,6532.86,5301.708333333333
2024-12-09 00:00:00,5311.69,13.7,10.7,82.0,61.0,3.7,1013.4,2024,12,9,0,0,5123.353333333338,0,5394.65,5029.92,5313.856666666667
2024-12-09 00:05:00,5284.78,13.7,10.7,82.0,61.0,3.7,1013.4,2024,12,9,0,5,5204.850000000005,0,5391.45,4989.4,5326.4425
2024-12-09 00:10:00,5261.49,13.7,10.7,82.0,61.0,3.7,1013.4,2024,12,9,0,10,5285.986666666671,0,5373.48,4980.41,5337.089166666667
2024-12-09 00:15:00,5234.55,13.7,10.7,82.0,61.0,3.7,1013.4,2024,12,9,0,15,5260.273333333338,0,5350.47,4953.88,5345.504166666667
2024-12-09 00:20:00,5182.35,13.7,10.7,82.0,61.0,3.7,1013.4,2024,12,9,0,20,5226.130000000006,0,5361.89,4947.97,5355.405833333333
2024-12-09 00:25:00,5153.77,13.7,10.7,82.0,61.0,3.7,1013.4,2024,12,9,0,25,5190.223333333339,0,5324.59,4921.56,5357.8358333333335
2024-12-09 00:30:00,5127.22,13.1,10.3,83.0,59.0,3.7,1013.5,2024,12,9,0,30,5154.446666666671,0,5331.78,4885.75,5356.946666666667
2024-12-09 00:35:00,5086.75,13.1,10.3,83.0,59.0,3.7,1013.5,2024,12,9,0,35,5122.580000000005,0,5279.82,4862.95,5354.171666666666
2024-12-09 00:40:00,5042.62,13.1,10.3,83.0,59.0,3.7,1013.5,2024,12,9,0,40,5085.530000000005,0,5270.39,4846.54,5347.0525
2024-12-09 00:45:00,5001.05,13.1,10.3,83.0,59.0,3.7,1013.5,2024,12,9,0,45,5043.473333333338,0,5251.13,4829.17,5338.931666666666
2024-12-09 00:50:00,4981.62,13.1,10.3,83.0,59.0,3.7,1013.5,2024,12,9,0,50,5008.430000000005,0,5222.64,4808.97,5327.486666666667
2024-12-09 00:55:00,4963.11,13.1,10.3,83.0,59.0,3.7,1013.5,2024,12,9,0,55,4981.926666666671,0,5203.82,4768.52,5313.009166666667
2024-12-09 01:00:00,4939.72,13.1,10.3,83.0,59.0,3.7,1013.5,2024,12,9,1,0,4961.483333333338,0,5209.09,4747.85,5297.545833333333
2024-12-09 01:05:00,4918.04,13.1,10.3,83.0,59.0,3.7,1013.5,2024,12,9,1,5,4940.2900000000045,0,5143.51,4722.41,5276.884166666667
2024-12-09 01:10:00,4880.83,13.1,10.3,83.0,59.0,3.7,1013.5,2024,12,9,1,10,4912.863333333338,0,5135.44,4700.03,5257.0475
2024-12-09 01:15:00,4859.23,13.1,10.3,83.0,59.0,3.7,1013.5,2024,12,9,1,15,4886.033333333337,0,5128.55,4685.02,5238.554166666667
2024-12-09 01:20:00,4840.43,13.1,10.3,83.0,59.0,3.7,1013.5,2024,12,9,1,20,4860.1633333333375,0,5138.45,4669.47,5219.934166666667
2024-12-09 01:25:00,4829.65,13.1,10.3,83.0,59.0,3.7,1013.5,2024,12,9,1,25,4843.103333333339,0,5127.69,4641.96,5203.525833333333
2024-12-09 01:30:00,4802.95,12.6,9.8,83.0,56.0,3.7,1013.7,2024,12,9,1,30,4824.343333333339,0,5104.27,4632.05,5184.566666666667
2024-12-09 01:35:00,4789.21,12.6,9.8,83.0,56.0,3.7,1013.7,2024,12,9,1,35,4807.270000000004,0,5092.29,4602.19,5168.939166666667
2024-12-09 01:40:00,4773.88,12.6,9.8,83.0,56.0,3.7,1013.7,2024,12,9,1,40,4788.680000000005,0,5089.56,4600.51,5153.87
2024-12-09 01:45:00,4759.67,12.6,9.8,83.0,56.0,3.7,1013.7,2024,12,9,1,45,4774.253333333339,0,5080.36,4580.02,5139.639166666667
2024-12-09 01:50:00,4739.47,12.6,9.8,83.0,56.0,3.7,1013.7,2024,12,9,1,50,4757.673333333339,0,5040.29,4554.65,5124.443333333334
2024-12-09 01:55:00,4725.29,12.6,9.8,83.0,56.0,3.7,1013.7,2024,12,9,1,55,4741.476666666672,0,5018.08,4539.29,5108.965
2024-12-09 02:00:00,4704.8,12.6,9.8,83.0,56.0,3.7,1013.7,2024,12,9,2,0,4723.186666666672,0,5311.69,4523.0,5117.515
2024-12-09 02:05:00,4695.76,12.6,9.8,83.0,56.0,3.7,1013.7,2024,12,9,2,5,4708.616666666671,0,5284.78,4496.64,5129.287499999999
2024-12-09 02:10:00,4658.18,12.6,9.8,83.0,56.0,3.7,1013.7,2024,12,9,2,10,4686.246666666672,0,5261.49,4475.61,5139.791666666667
2024-12-09 02:15:00,4643.97,12.6,9.8,83.0,56.0,3.7,1013.7,2024,12,9,2,15,4665.970000000006,0,5234.55,4458.85,5148.625
2024-12-09 02:20:00,4633.55,12.6,9.8,83.0,56.0,3.7,1013.7,2024,12,9,2,20,4645.233333333338,0,5182.35,4444.2,5152.283333333333
2024-12-09 02:25:00,4611.91,12.6,9.8,83.0,56.0,3.7,1013.7,2024,12,9,2,25,4629.810000000005,0,5153.77,4426.15,5154.456666666667
2024-12-09 02:30:00,4586.98,12.0,9.4,84.0,52.0,3.7,1013.9,2024,12,9,2,30,4610.813333333338,0,5127.22,4410.77,5156.369166666666
2024-12-09 02:35:00,4571.47,12.0,9.4,84.0,52.0,3.7,1013.9,2024,12,9,2,35,4590.120000000005,0,5086.75,4397.08,5155.9075
2024-12-09 02:40:00,4553.72,12.0,9.4,84.0,52.0,3.7,1013.9,2024,12,9,2,40,4570.723333333339,0,5042.62,4376.9,5151.995833333333
2024-12-09 02:45:00,4538.88,12.0,9.4,84.0,52.0,3.7,1013.9,2024,12,9,2,45,4554.690000000005,0,5001.05,4367.33,5145.386666666666
2024-12-09 02:50:00,4532.37,12.0,9.4,84.0,52.0,3.7,1013.9,2024,12,9,2,50,4541.656666666672,0,4981.62,4346.86,5140.4975
2024-12-09 02:55:00,4505.66,12.0,9.4,84.0,52.0,3.7,1013.9,2024,12,9,2,55,4525.636666666672,0,4963.11,4335.26,5135.916666666667
2024-12-09 03:00:00,4491.49,12.0,9.4,84.0,52.0,3.7,1013.9,2024,12,9,3,0,4509.840000000005,0,4939.72,4325.92,5104.919166666667
2024-12-09 03:05:00,4473.75,12.0,9.4,84.0,52.0,3.7,1013.9,2024,12,9,3,5,4490.300000000006,0,4918.04,4299.6,5074.3575
2024-12-09 03:10:00,4454.41,12.0,9.4,84.0,52.0,3.7,1013.9,2024,12,9,3,10,4473.216666666672,0,4880.83,4289.91,5042.635833333333
2024-12-09 03:15:00,4434.94,12.0,9.4,84.0,52.0,3.7,1013.9,2024,12,9,3,15,4454.366666666671,0,4859.23,4270.57,5011.359166666667
2024-12-09 03:20:00,4430.56,12.0,9.4,84.0,52.0,3.7,1013.9,2024,12,9,3,20,4439.970000000005,0,4840.43,4267.48,4982.865833333334
2024-12-09 03:25:00,4402.21,12.0,9.4,84.0,52.0,3.7,1013.9,2024,12,9,3,25,4422.570000000004,0,4829.65,4255.95,4955.855833333333
2024-12-09 03:30:00,4389.04,11.6,8.8,83.0,36.0,3.7,1014.1,2024,12,9,3,30,4407.270000000005,0,4802.95,4224.37,4928.833333333333
2024-12-09 03:35:00,4394.37,11.6,8.8,83.0,36.0,3.7,1014.1,2024,12,9,3,35,4395.2066666666715,0,4789.21,4230.74,4904.038333333333
2024-12-09 03:40:00,4372.64,11.6,8.8,83.0,36.0,3.7,1014.1,2024,12,9,3,40,4385.350000000005,0,4773.88,4229.23,4881.6433333333325
2024-12-09 03:45:00,4346.52,11.6,8.8,83.0,36.0,3.7,1014.1,2024,12,9,3,45,4371.176666666671,0,4759.67,4220.16,4861.528333333333
2024-12-09 03:50:00,4332.52,11.6,8.8,83.0,36.0,3.7,1014.1,2024,12,9,3,50,4350.560000000005,0,4739.47,4199.22,4841.349166666666
2024-12-09 03:55:00,4304.95,11.6,8.8,83.0,36.0,3.7,1014.1,2024,12,9,3,55,4327.996666666672,0,4725.29,4198.69,4821.530833333333
2024-12-09 04:00:00,4295.82,11.6,8.8,83.0,36.0,3.7,1014.1,2024,12,9,4,0,4311.096666666672,0,4704.8,4175.6,4801.954166666666
2024-12-09 04:05:00,4287.13,11.6,8.8,83.0,36.0,3.7,1014.1,2024,12,9,4,5,4295.966666666672,0,4695.76,4163.52,4783.430833333334
2024-12-09 04:10:00,4269.86,11.6,8.8,83.0,36.0,3.7,1014.1,2024,12,9,4,10,4284.270000000005,0,4658.18,4157.34,4764.876666666667
2024-12-09 04:15:00,4236.96,11.6,8.8,83.0,36.0,3.7,1014.1,2024,12,9,4,15,4264.650000000005,0,4643.97,4159.15,4746.938333333333
2024-12-09 04:20:00,4231.38,11.6,8.8,83.0,36.0,3.7,1014.1,2024,12,9,4,20,4246.066666666671,0,4633.55,4145.87,4729.698333333333
2024-12-09 04:25:00,4230.39,11.6,8.8,83.0,36.0,3.7,1014.1,2024,12,9,4,25,4232.910000000004,0,4611.91,4134.48,4711.553333333334
2024-12-09 04:30:00,4207.22,11.1,8.3,83.0,309.0,3.7,1014.3,2024,12,9,4,30,4222.996666666672,0,4586.98,4138.42,4693.555833333333
2024-12-09 04:35:00,4196.74,11.1,8.3,83.0,309.0,3.7,1014.3,2024,12,9,4,35,4211.450000000005,0,4571.47,4122.75,4675.410833333333
2024-12-09 04:40:00,4176.87,11.1,8.3,83.0,309.0,3.7,1014.3,2024,12,9,4,40,4193.610000000004,0,4553.72,4120.58,4657.064166666667
2024-12-09 04:45:00,4180.22,11.1,8.3,83.0,309.0,3.7,1014.3,2024,12,9,4,45,4184.610000000005,0,4538.88,4110.67,4638.665
2024-12-09 04:50:00,4164.94,11.1,8.3,83.0,309.0,3.7,1014.3,2024,12,9,4,50,4174.010000000005,0,4532.37,4109.22,4621.406666666667
2024-12-09 04:55:00,4163.0,11.1,8.3,83.0,309.0,3.7,1014.3,2024,12,9,4,55,4169.386666666672,0,4505.66,4099.91,4603.104166666667
2024-12-09 05:00:00,4157.02,11.1,8.3,83.0,309.0,3.7,1014.3,2024,12,9,5,0,4161.653333333338,0,4491.49,4100.44,4585.328333333334
2024-12-09 05:05:00,4152.58,11.1,8.3,83.0,309.0,3.7,1014.3,2024,12,9,5,5,4157.533333333339,0,4473.75,4091.56,4566.8275
2024-12-09 05:10:00,4147.56,11.1,8.3,83.0,309.0,3.7,1014.3,2024,12,9,5,10,4152.386666666672,0,4454.41,4108.03,4549.846666666666
2024-12-09 05:15:00,4156.6,11.1,8.3,83.0,309.0,3.7,1014.3,2024,12,9,5,15,4152.246666666671,0,4434.94,4122.41,4532.427500000001
2024-12-09 05:20:00,4161.42,11.1,8.3,83.0,309.0,3.7,1014.3,2024,12,9,5,20,4155.193333333338,0,4430.56,4118.98,4515.511666666666
2024-12-09 05:25:00,4162.7,11.1,8.3,83.0,309.0,3.7,1014.3,2024,12,9,5,25,4160.240000000005,0,4402.21,4118.24,4498.036666666666
2024-12-09 05:30:00,4166.89,10.7,7.8,82.0,266.0,3.7,1014.6,2024,12,9,5,30,4163.670000000005,0,4389.04,4105.94,4481.541666666667
2024-12-09 05:35:00,4157.43,10.7,7.8,82.0,266.0,3.7,1014.6,2024,12,9,5,35,4162.340000000005,0,4394.37,4111.07,4466.783333333334
2024-12-09 05:40:00,4156.33,10.7,7.8,82.0,266.0,3.7,1014.6,2024,12,9,5,40,4160.216666666672,0,4372.64,4135.65,4451.693333333334
2024-12-09 05:45:00,4147.78,10.7,7.8,82.0,266.0,3.7,1014.6,2024,12,9,5,45,4153.846666666672,0,4346.52,4130.56,4435.663333333333
2024-12-09 05:50:00,4152.92,10.7,7.8,82.0,266.0,3.7,1014.6,2024,12,9,5,50,4152.343333333338,0,4332.52,4124.57,4419.009166666667
2024-12-09 05:55:00,4147.48,10.7,7.8,82.0,266.0,3.7,1014.6,2024,12,9,5,55,4149.393333333338,0,4304.95,4125.72,4402.283333333334
2024-12-09 06:00:00,4158.41,10.7,7.8,82.0,266.0,3.7,1014.6,2024,12,9,6,0,4152.936666666672,0,4295.82,4126.92,4385.9775
2024-12-09 06:05:00,4150.43,10.7,7.8,82.0,266.0,3.7,1014.6,2024,12,9,6,5,4152.106666666671,0,4287.13,4128.58,4370.425833333334
2024-12-09 06:10:00,4178.92,10.7,7.8,82.0,266.0,3.7,1014.6,2024,12,9,6,10,4162.586666666671,0,4269.86,4152.14,4355.046666666666
2024-12-09 06:15:00,4229.18,10.7,7.8,82.0,266.0,3.7,1014.6,2024,12,9,6,15,4186.176666666671,0,4236.96,4203.07,4338.548333333333
2024-12-09 06:20:00,4229.77,10.7,7.8,82.0,266.0,3.7,1014.6,2024,12,9,6,20,4212.6233333333375,0,4231.38,4218.12,4321.95
2024-12-09 06:25:00,4236.08,10.7,7.8,82.0,266.0,3.7,1014.6,2024,12,9,6,25,4231.676666666673,0,4230.39,4232.79,4307.631666666667
2024-12-09 06:30:00,4254.12,10.7,7.9,83.0,240.0,1.8,1015.4,2024,12,9,6,30,4239.990000000005,0,4207.22,4266.34,4292.4800000000005
2024-12-09 06:35:00,4267.56,10.7,7.9,83.0,240.0,1.8,1015.4,2024,12,9,6,35,4252.5866666666725,0,4196.74,4258.26,4276.010833333333
2024-12-09 06:40:00,4282.48,10.7,7.9,83.0,240.0,1.8,1015.4,2024,12,9,6,40,4268.053333333338,0,4176.87,4258.19,4259.696666666667
2024-12-09 06:45:00,4272.5,10.7,7.9,83.0,240.0,1.8,1015.4,2024,12,9,6,45,4274.180000000005,0,4180.22,4261.81,4245.838333333334
2024-12-09 06:50:00,4270.89,10.7,7.9,83.0,240.0,1.8,1015.4,2024,12,9,6,50,4275.2900000000045,0,4164.94,4300.07,4231.873333333333
2024-12-09 06:55:00,4247.49,10.7,7.9,83.0,240.0,1.8,1015.4,2024,12,9,6,55,4263.626666666672,0,4163.0,4262.22,4220.044166666667
2024-12-09 07:00:00,4288.12,10.7,7.9,83.0,240.0,1.8,1015.4,2024,12,9,7,0,4268.8333333333385,0,4157.02,4279.1,4208.4775
2024-12-09 07:05:00,4303.42,10.7,7.9,83.0,240.0,1.8,1015.4,2024,12,9,7,5,4279.676666666671,0,4152.58,4271.01,4197.265
2024-12-09 07:10:00,4281.93,10.7,7.9,83.0,240.0,1.8,1015.4,2024,12,9,7,10,4291.156666666672,0,4147.56,4298.59,4187.073333333334
2024-12-09 07:15:00,4306.01,10.7,7.9,83.0,240.0,1.8,1015.4,2024,12,9,7,15,4297.120000000005,0,4156.6,4337.06,4180.376666666666
2024-12-09 07:20:00,4288.92,10.7,7.9,83.0,240.0,1.8,1015.4,2024,12,9,7,20,4292.286666666671,0,4161.42,4327.65,4174.546666666666
2024-12-09 07:25:00,4274.1,10.7,7.9,83.0,240.0,1.8,1015.4,2024,12,9,7,25,4289.676666666671,0,4162.7,4294.77,4168.905833333333
2024-12-09 07:30:00,4276.92,10.8,7.8,82.0,233.0,1.8,1016.2,2024,12,9,7,30,4279.980000000006,0,4166.89,4299.95,4165.545
2024-12-09 07:35:00,4270.68,10.8,7.8,82.0,233.0,1.8,1016.2,2024,12,9,7,35,4273.900000000005,0,4157.43,4299.75,4162.269166666667
2024-12-09 07:40:00,4238.37,10.8,7.8,82.0,233.0,1.8,1016.2,2024,12,9,7,40,4261.990000000005,0,4156.33,4303.14,4160.5575
2024-12-09 07:45:00,4281.03,10.8,7.8,82.0,233.0,1.8,1016.2,2024,12,9,7,45,4263.360000000004,0,4147.78,4283.45,4157.854166666667
2024-12-09 07:50:00,4293.75,10.8,7.8,82.0,233.0,1.8,1016.2,2024,12,9,7,50,4271.050000000004,0,4152.92,4312.46,4156.8525
2024-12-09 07:55:00,4280.57,10.8,7.8,82.0,233.0,1.8,1016.2,2024,12,9,7,55,4285.116666666671,0,4147.48,4289.49,4155.559166666667
2024-12-09 08:00:00,4322.72,10.8,7.8,82.0,233.0,1.8,1016.2,2024,12,9,8,0,4299.013333333339,0,4158.41,4300.0,4155.675
2024-12-09 08:05:00,4289.99,10.8,7.8,82.0,233.0,1.8,1016.2,2024,12,9,8,5,4297.760000000005,0,4150.43,4328.12,4155.495833333333
2024-12-09 08:10:00,4335.73,10.8,7.8,82.0,233.0,1.8,1016.2,2024,12,9,8,10,4316.146666666671,0,4178.92,4340.99,4158.109166666666
2024-12-09 08:15:00,4335.12,10.8,7.8,82.0,233.0,1.8,1016.2,2024,12,9,8,15,4320.280000000005,0,4229.18,4394.26,4164.1575
2024-12-09 08:20:00,4377.05,10.8,7.8,82.0,233.0,1.8,1016.2,2024,12,9,8,20,4349.300000000005,0,4229.77,4392.33,4169.8533333333335
2024-12-09 08:25:00,4387.97,10.8,7.8,82.0,233.0,1.8,1016.2,2024,12,9,8,25,4366.713333333338,0,4236.08,4424.03,4175.968333333333
2024-12-09 08:30:00,4390.98,10.8,7.8,82.0,230.0,1.8,1016.9,2024,12,9,8,30,4385.3333333333385,0,4254.12,4425.85,4183.2375
2024-12-09 08:35:00,4366.58,10.8,7.8,82.0,230.0,1.8,1016.9,2024,12,9,8,35,4381.843333333338,0,4267.56,4408.48,4192.415
2024-12-09 08:40:00,4435.51,10.8,7.8,82.0,230.0,1.8,1016.9,2024,12,9,8,40,4397.690000000005,0,4282.48,4443.22,4202.9275
2024-12-09 08:45:00,4449.58,10.8,7.8,82.0,230.0,1.8,1016.9,2024,12,9,8,45,4417.223333333338,0,4272.5,4516.08,4213.320833333333
2024-12-09 08:50:00,4440.25,10.8,7.8,82.0,230.0,1.8,1016.9,2024,12,9,8,50,4441.780000000005,0,4270.89,4487.49,4223.151666666667
2024-12-09 08:55:00,4454.21,10.8,7.8,82.0,230.0,1.8,1016.9,2024,12,9,8,55,4448.013333333338,0,4247.49,4481.16,4231.485833333333
2024-12-09 09:00:00,4495.15,10.8,7.8,82.0,230.0,1.8,1016.9,2024,12,9,9,0,4463.2033333333375,0,4288.12,4550.04,4242.295
2024-12-09 09:05:00,4491.02,10.8,7.8,82.0,230.0,1.8,1016.9,2024,12,9,9,5,4480.126666666672,0,4303.42,4564.61,4255.044166666667
2024-12-09 09:10:00,4537.43,10.8,7.8,82.0,230.0,1.8,1016.9,2024,12,9,9,10,4507.866666666671,0,4281.93,4602.12,4263.628333333333
2024-12-09 09:15:00,4602.04,10.8,7.8,82.0,230.0,1.8,1016.9,2024,12,9,9,15,4543.496666666672,0,4306.01,4686.08,4270.030833333333
2024-12-09 09:20:00,4665.52,10.8,7.8,82.0,230.0,1.8,1016.9,2024,12,9,9,20,4601.663333333338,0,4288.92,4712.09,4274.96
2024-12-09 09:25:00,4678.71,10.8,7.8,82.0,230.0,1.8,1016.9,2024,12,9,9,25,4648.756666666672,0,4274.1,4771.48,4278.128333333333
2024-12-09 09:30:00,4717.51,12.6,7.9,73.0,241.0,3.7,1017.3,2024,12,9,9,30,4687.246666666671,0,4276.92,4813.5,4280.028333333334
2024-12-09 09:35:00,4792.1,12.6,7.9,73.0,241.0,3.7,1017.3,2024,12,9,9,35,4729.440000000005,0,4270.68,4870.27,4280.288333333333
2024-12-09 09:40:00,4885.99,12.6,7.9,73.0,241.0,3.7,1017.3,2024,12,9,9,40,4798.533333333338,0,4238.37,4971.73,4276.6125
2024-12-09 09:45:00,4838.57,12.6,7.9,73.0,241.0,3.7,1017.3,2024,12,9,9,45,4838.886666666672,0,4281.03,4930.64,4277.323333333334
2024-12-09 09:50:00,4915.96,12.6,7.9,73.0,241.0,3.7,1017.3,2024,12,9,9,50,4880.173333333339,0,4293.75,4996.17,4279.2283333333335
2024-12-09 09:55:00,4945.38,12.6,7.9,73.0,241.0,3.7,1017.3,2024,12,9,9,55,4899.970000000005,0,4280.57,5023.98,4281.985
2024-12-09 10:00:00,4918.5,12.6,7.9,73.0,241.0,3.7,1017.3,2024,12,9,10,0,4926.613333333338,0,4322.72,5096.15,4284.868333333333
2024-12-09 10:05:00,4946.28,12.6,7.9,73.0,241.0,3.7,1017.3,2024,12,9,10,5,4936.720000000005,0,4289.99,5055.23,4283.749166666667
2024-12-09 10:10:00,4984.51,12.6,7.9,73.0,241.0,3.7,1017.3,2024,12,9,10,10,4949.763333333339,0,4335.73,5114.31,4288.2325
2024-12-09 10:15:00,4991.56,12.6,7.9,73.0,241.0,3.7,1017.3,2024,12,9,10,15,4974.116666666671,0,4335.12,5137.7,4290.658333333334
2024-12-09 10:20:00,5018.08,12.6,7.9,73.0,241.0,3.7,1017.3,2024,12,9,10,20,4998.050000000005,0,4377.05,5227.18,4298.0025
2024-12-09 10:25:00,5023.34,12.6,7.9,73.0,241.0,3.7,1017.3,2024,12,9,10,25,5010.993333333338,0,4387.97,5219.98,4307.491666666666
2024-12-09 10:30:00,5032.57,14.5,8.0,65.0,246.0,5.5,1017.7,2024,12,9,10,30,5024.663333333338,0,4390.98,5230.48,4316.996666666667
2024-12-09 10:35:00,5065.31,14.5,8.0,65.0,246.0,5.5,1017.7,2024,12,9,10,35,5040.406666666672,0,4366.58,5258.78,4324.988333333334
2024-12-09 10:40:00,5089.65,14.5,8.0,65.0,246.0,5.5,1017.7,2024,12,9,10,40,5062.510000000005,0,4435.51,5282.12,4341.416666666667
2024-12-09 10:45:00,5035.84,14.5,8.0,65.0,246.0,5.5,1017.7,2024,12,9,10,45,5063.600000000005,0,4449.58,5337.31,4355.4625
2024-12-09 10:50:00,5099.09,14.5,8.0,65.0,246.0,5.5,1017.7,2024,12,9,10,50,5074.860000000004,0,4440.25,5327.73,4367.670833333333
2024-12-09 10:55:00,5035.49,14.5,8.0,65.0,246.0,5.5,1017.7,2024,12,9,10,55,5056.806666666672,0,4454.21,5364.65,4382.140833333333
2024-12-09 11:00:00,5069.73,14.5,8.0,65.0,246.0,5.5,1017.7,2024,12,9,11,0,5068.103333333339,0,4495.15,5367.22,4396.51
2024-12-09 11:05:00,5076.64,14.5,8.0,65.0,246.0,5.5,1017.7,2024,12,9,11,5,5060.620000000005,0,4491.02,5385.02,4413.2625
2024-12-09 11:10:00,5112.34,14.5,8.0,65.0,246.0,5.5,1017.7,2024,12,9,11,10,5086.236666666671,0,4537.43,5382.05,4430.070833333334
2024-12-09 11:15:00,5073.12,14.5,8.0,65.0,246.0,5.5,1017.7,2024,12,9,11,15,5087.366666666671,0,4602.04,5240.65,4452.314166666666
2024-12-09 11:20:00,5087.49,14.5,8.0,65.0,246.0,5.5,1017.7,2024,12,9,11,20,5090.983333333338,0,4665.52,5526.42,4476.3533333333335
2024-12-09 11:25:00,5111.0,14.5,8.0,65.0,246.0,5.5,1017.7,2024,12,9,11,25,5090.536666666671,0,4678.71,5532.31,4500.581666666667
2024-12-09 11:30:00,5141.07,16.3,8.0,58.0,250.0,7.4,1018.1,2024,12,9,11,30,5113.186666666672,0,4717.51,5501.95,4527.7925000000005
2024-12-09 11:35:00,5128.84,16.3,8.0,58.0,250.0,7.4,1018.1,2024,12,9,11,35,5126.970000000005,0,4792.1,5549.51,4563.2525
2024-12-09 11:40:00,5147.85,16.3,8.0,58.0,250.0,7.4,1018.1,2024,12,9,11,40,5139.253333333338,0,4885.99,5580.43,4600.7925000000005
2024-12-09 11:45:00,5142.09,16.3,8.0,58.0,250.0,7.4,1018.1,2024,12,9,11,45,5139.593333333338,0,4838.57,5547.85,4633.208333333333
2024-12-09 11:50:00,5127.73,16.3,8.0,58.0,250.0,7.4,1018.1,2024,12,9,11,50,5139.223333333338,0,4915.96,5550.01,4672.850833333333
2024-12-09 11:55:00,5142.75,16.3,8.0,58.0,250.0,7.4,1018.1,2024,12,9,11,55,5137.523333333338,0,4945.38,5514.5,4713.781666666667
2024-12-09 12:00:00,5172.92,16.3,8.0,58.0,250.0,7.4,1018.1,2024,12,9,12,0,5147.800000000006,0,4918.5,5367.26,4749.060833333334
2024-12-09 12:05:00,5149.15,16.3,8.0,58.0,250.0,7.4,1018.1,2024,12,9,12,5,5154.940000000005,0,4946.28,5411.87,4786.999166666667
2024-12-09 12:10:00,5147.54,16.3,8.0,58.0,250.0,7.4,1018.1,2024,12,9,12,10,5156.536666666671,0,4984.51,5456.04,4824.255833333334
2024-12-09 12:15:00,5173.66,16.3,8.0,58.0,250.0,7.4,1018.1,2024,12,9,12,15,5156.783333333337,0,4991.56,5462.45,4856.715833333334
2024-12-09 12:20:00,5130.82,16.3,8.0,58.0,250.0,7.4,1018.1,2024,12,9,12,20,5150.673333333339,0,5018.08,5390.65,4886.095833333334
2024-12-09 12:25:00,5094.54,16.3,8.0,58.0,250.0,7.4,1018.1,2024,12,9,12,25,5133.006666666672,0,5023.34,5444.92,4914.815
2024-12-09 12:30:00,5130.6,16.8,8.0,56.0,272.0,9.3,1017.6,2024,12,9,12,30,5118.653333333338,0,5032.57,5439.06,4941.07
2024-12-09 12:35:00,5127.26,16.8,8.0,56.0,272.0,9.3,1017.6,2024,12,9,12,35,5117.466666666672,0,5065.31,5429.84,4963.837500000001
2024-12-09 12:40:00,5154.43,16.8,8.0,56.0,272.0,9.3,1017.6,2024,12,9,12,40,5137.430000000005,0,5089.65,5404.07,4980.809166666667
2024-12-09 12:45:00,5120.44,16.8,8.0,56.0,272.0,9.3,1017.6,2024,12,9,12,45,5134.0433333333385,0,5035.84,5463.1,4997.248333333334
2024-12-09 12:50:00,5115.4,16.8,8.0,56.0,272.0,9.3,1017.6,2024,12,9,12,50,5130.090000000005,0,5099.09,5453.53,5012.509166666667
2024-12-09 12:55:00,5095.11,16.8,8.0,56.0,272.0,9.3,1017.6,2024,12,9,12,55,5110.316666666672,0,5035.49,5425.27,5020.018333333333
2024-12-09 13:00:00,5001.25,16.8,8.0,56.0,272.0,9.3,1017.6,2024,12,9,13,0,5070.586666666671,0,5069.73,5373.53,5032.620833333333
2024-12-09 13:05:00,4969.16,16.8,8.0,56.0,272.0,9.3,1017.6,2024,12,9,13,5,5021.840000000005,0,5076.64,5281.08,5043.484166666666
2024-12-09 13:10:00,4952.12,16.8,8.0,56.0,272.0,9.3,1017.6,2024,12,9,13,10,4974.176666666671,0,5112.34,5294.46,5054.136666666666
2024-12-09 13:15:00,4933.42,16.8,8.0,56.0,272.0,9.3,1017.6,2024,12,9,13,15,4951.566666666671,0,5073.12,5260.7,5060.933333333333
2024-12-09 13:20:00,4937.0,16.8,8.0,56.0,272.0,9.3,1017.6,2024,12,9,13,20,4940.846666666672,0,5087.49,5300.86,5066.7175
2024-12-09 13:25:00,4896.15,16.8,8.0,56.0,272.0,9.3,1017.6,2024,12,9,13,25,4922.190000000005,0,5111.0,5295.19,5074.0225
2024-12-09 13:30:00,4948.48,17.3,7.9,54.0,288.0,9.3,1017.1,2024,12,9,13,30,4927.210000000005,0,5141.07,5267.32,5083.064166666667
2024-12-09 13:35:00,4928.49,17.3,7.9,54.0,288.0,9.3,1017.1,2024,12,9,13,35,4924.3733333333375,0,5128.84,5326.18,5088.358333333333
2024-12-09 13:40:00,5011.94,17.3,7.9,54.0,288.0,9.3,1017.1,2024,12,9,13,40,4962.970000000005,0,5147.85,5299.21,5093.208333333333
2024-12-09 13:45:00,4989.32,17.3,7.9,54.0,288.0,9.3,1017.1,2024,12,9,13,45,4976.5833333333385,0,5142.09,5322.88,5102.0625
2024-12-09 13:50:00,5053.99,17.3,7.9,54.0,288.0,9.3,1017.1,2024,12,9,13,50,5018.4166666666715,0,5127.73,5330.59,5104.449166666666
2024-12-09 13:55:00,5013.54,17.3,7.9,54.0,288.0,9.3,1017.1,2024,12,9,13,55,5018.950000000005,0,5142.75,5321.35,5113.3875
2024-12-09 14:00:00,5055.96,17.3,7.9,54.0,288.0,9.3,1017.1,2024,12,9,14,0,5041.1633333333375,0,5172.92,5335.98,5121.986666666667
2024-12-09 14:05:00,5016.39,17.3,7.9,54.0,288.0,9.3,1017.1,2024,12,9,14,5,5028.630000000006,0,5149.15,5343.57,5128.029166666666
2024-12-09 14:10:00,5043.27,17.3,7.9,54.0,288.0,9.3,1017.1,2024,12,9,14,10,5038.540000000005,0,5147.54,5317.1,5130.9625
2024-12-09 14:15:00,5062.19,17.3,7.9,54.0,288.0,9.3,1017.1,2024,12,9,14,15,5040.616666666671,0,5173.66,5367.79,5139.340833333334
2024-12-09 14:20:00,5070.53,17.3,7.9,54.0,288.0,9.3,1017.1,2024,12,9,14,20,5058.663333333338,0,5130.82,5370.52,5142.951666666667
2024-12-09 14:25:00,5077.36,17.3,7.9,54.0,288.0,9.3,1017.1,2024,12,9,14,25,5070.026666666671,0,5094.54,5383.14,5141.58
2024-12-09 14:30:00,5136.24,17.8,7.8,52.0,299.0,9.3,1016.5,2024,12,9,14,30,5094.7100000000055,0,5130.6,5380.64,5140.7074999999995
2024-12-09 14:35:00,5112.76,17.8,7.8,52.0,299.0,9.3,1016.5,2024,12,9,14,35,5108.786666666671,0,5127.26,5402.39,5140.575833333333
2024-12-09 14:40:00,5127.82,17.8,7.8,52.0,299.0,9.3,1016.5,2024,12,9,14,40,5125.606666666671,0,5154.43,5390.24,5141.124166666667
2024-12-09 14:45:00,5138.54,17.8,7.8,52.0,299.0,9.3,1016.5,2024,12,9,14,45,5126.373333333338,0,5120.44,5427.82,5139.32
2024-12-09 14:50:00,5142.54,17.8,7.8,52.0,299.0,9.3,1016.5,2024,12,9,14,50,5136.300000000006,0,5115.4,5421.35,5138.2925000000005
2024-12-09 14:55:00,5131.09,17.8,7.8,52.0,299.0,9.3,1016.5,2024,12,9,14,55,5137.390000000006,0,5095.11,5431.06,5134.3225
2024-12-09 15:00:00,5143.96,17.8,7.8,52.0,299.0,9.3,1016.5,2024,12,9,15,0,5139.196666666671,0,5001.25,5434.57,5120.016666666666
2024-12-09 15:05:00,5151.85,17.8,7.8,52.0,299.0,9.3,1016.5,2024,12,9,15,5,5142.300000000005,0,4969.16,5448.55,5105.0175
2024-12-09 15:10:00,5126.96,17.8,7.8,52.0,299.0,9.3,1016.5,2024,12,9,15,10,5140.923333333339,0,4952.12,5462.81,5088.7325
2024-12-09 15:15:00,5075.38,17.8,7.8,52.0,299.0,9.3,1016.5,2024,12,9,15,15,5118.063333333338,0,4933.42,5460.06,5068.7125
2024-12-09 15:20:00,5079.49,17.8,7.8,52.0,299.0,9.3,1016.5,2024,12,9,15,20,5093.943333333338,0,4937.0,5470.69,5052.560833333333
2024-12-09 15:25:00,5089.34,17.8,7.8,52.0,299.0,9.3,1016.5,2024,12,9,15,25,5081.403333333338,0,4896.15,5449.56,5036.028333333333
2024-12-09 15:30:00,5060.84,17.2,8.3,56.0,298.0,9.3,1016.6,2024,12,9,15,30,5076.556666666672,0,4948.48,5459.42,5020.8516666666665
2024-12-09 15:35:00,5070.73,17.2,8.3,56.0,298.0,9.3,1016.6,2024,12,9,15,35,5073.636666666672,0,4928.49,5466.22,5004.287499999999
2024-12-09 15:40:00,5012.16,17.2,8.3,56.0,298.0,9.3,1016.6,2024,12,9,15,40,5047.910000000004,0,5011.94,5482.56,4992.413333333333
2024-12-09 15:45:00,5037.72,17.2,8.3,56.0,298.0,9.3,1016.6,2024,12,9,15,45,5040.203333333338,0,4989.32,5416.88,4981.486666666667
2024-12-09 15:50:00,5014.32,17.2,8.3,56.0,298.0,9.3,1016.6,2024,12,9,15,50,5021.400000000005,0,5053.99,5430.54,4976.369166666666
2024-12-09 15:55:00,4959.85,17.2,8.3,56.0,298.0,9.3,1016.6,2024,12,9,15,55,5003.963333333338,0,5013.54,5422.25,4969.571666666667
2024-12-09 16:00:00,4974.75,17.2,8.3,56.0,298.0,9.3,1016.6,2024,12,9,16,0,4982.973333333338,0,5055.96,5446.22,4974.130833333334
2024-12-09 16:05:00,4958.56,17.2,8.3,56.0,298.0,9.3,1016.6,2024,12,9,16,5,4964.386666666672,0,5016.39,5450.29,4978.066666666667
2024-12-09 16:10:00,4991.91,17.2,8.3,56.0,298.0,9.3,1016.6,2024,12,9,16,10,4975.073333333338,0,5043.27,5357.86,4985.662499999999
2024-12-09 16:15:00,4981.78,17.2,8.3,56.0,298.0,9.3,1016.6,2024,12,9,16,15,4977.4166666666715,0,5062.19,5377.07,4996.393333333333
2024-12-09 16:20:00,4971.05,17.2,8.3,56.0,298.0,9.3,1016.6,2024,12,9,16,20,4981.5800000000045,0,5070.53,5403.83,5007.520833333333
2024-12-09 16:25:00,4955.91,17.2,8.3,56.0,298.0,9.3,1016.6,2024,12,9,16,25,4969.5800000000045,0,5077.36,5346.48,5022.621666666667
2024-12-09 16:30:00,4983.32,16.6,8.8,60.0,297.0,9.3,1016.8,2024,12,9,16,30,4970.093333333338,0,5136.24,5366.18,5038.2683333333325
2024-12-09 16:35:00,4969.36,16.6,8.8,60.0,297.0,9.3,1016.8,2024,12,9,16,35,4969.530000000005,0,5112.76,5348.62,5053.6241666666665
2024-12-09 16:40:00,4971.65,16.6,8.8,60.0,297.0,9.3,1016.8,2024,12,9,16,40,4974.776666666671,0,5127.82,5350.53,5063.280833333333
2024-12-09 16:45:00,4755.13,16.6,8.8,60.0,297.0,9.3,1016.8,2024,12,9,16,45,4898.713333333338,0,5138.54,5340.97,5075.715833333334
2024-12-09 16:50:00,4740.79,16.6,8.8,60.0,297.0,9.3,1016.8,2024,12,9,16,50,4822.523333333338,0,5142.54,5353.28,5083.095
2024-12-09 16:55:00,4864.53,16.6,8.8,60.0,297.0,9.3,1016.8,2024,12,9,16,55,4786.816666666672,0,5131.09,5299.9,5092.890833333334
2024-12-09 17:00:00,4871.83,16.6,8.8,60.0,297.0,9.3,1016.8,2024,12,9,17,0,4825.716666666672,0,5143.96,5368.69,5100.224166666666
2024-12-09 17:05:00,4844.72,16.6,8.8,60.0,297.0,9.3,1016.8,2024,12,9,17,5,4860.360000000005,0,5151.85,5315.0,5111.5125
2024-12-09 17:10:00,4831.78,16.6,8.8,60.0,297.0,9.3,1016.8,2024,12,9,17,10,4849.443333333338,0,5126.96,5341.09,5118.486666666667
2024-12-09 17:15:00,4869.09,16.6,8.8,60.0,297.0,9.3,1016.8,2024,12,9,17,15,4848.530000000005,0,5075.38,5341.36,5119.5858333333335
2024-12-09 17:20:00,4868.69,16.6,8.8,60.0,297.0,9.3,1016.8,2024,12,9,17,20,4856.520000000004,0,5079.49,5371.58,5120.3324999999995
2024-12-09 17:25:00,4891.23,16.6,8.8,60.0,297.0,9.3,1016.8,2024,12,9,17,25,4876.336666666671,0,5089.34,5303.64,5121.330833333333
2024-12-09 17:30:00,4868.26,16.1,9.5,65.0,295.0,7.4,1016.9,2024,12,9,17,30,4876.060000000005,0,5060.84,5372.17,5115.0475
2024-12-09 17:35:00,4820.77,16.1,9.5,65.0,295.0,7.4,1016.9,2024,12,9,17,35,4860.0866666666725,0,5070.73,5335.26,5111.545
2024-12-09 17:40:00,4963.47,16.1,9.5,65.0,295.0,7.4,1016.9,2024,12,9,17,40,4884.166666666672,0,5012.16,5303.83,5101.906666666667
2024-12-09 17:45:00,4862.04,16.1,9.5,65.0,295.0,7.4,1016.9,2024,12,9,17,45,4882.093333333339,0,5037.72,5317.08,5093.505
2024-12-09 17:50:00,4814.2,16.1,9.5,65.0,295.0,7.4,1016.9,2024,12,9,17,50,4879.903333333338,0,5014.32,5318.2,5082.82
2024-12-09 17:55:00,4851.41,16.1,9.5,65.0,295.0,7.4,1016.9,2024,12,9,17,55,4842.550000000005,0,4959.85,5326.27,5068.55
2024-12-09 18:00:00,4853.8,16.1,9.5,65.0,295.0,7.4,1016.9,2024,12,9,18,0,4839.803333333338,0,4974.75,5276.67,5054.449166666666
2024-12-09 18:05:00,4806.81,16.1,9.5,65.0,295.0,7.4,1016.9,2024,12,9,18,5,4837.340000000005,0,4958.56,5283.55,5038.341666666666
2024-12-09 18:10:00,4776.86,16.1,9.5,65.0,295.0,7.4,1016.9,2024,12,9,18,10,4812.490000000005,0,4991.91,5302.37,5027.0875
2024-12-09 18:15:00,4780.07,16.1,9.5,65.0,295.0,7.4,1016.9,2024,12,9,18,15,4787.913333333338,0,4981.78,5281.01,5019.287499999999
2024-12-09 18:20:00,4758.14,16.1,9.5,65.0,295.0,7.4,1016.9,2024,12,9,18,20,4771.690000000005,0,4971.05,5297.28,5010.2508333333335
2024-12-09 18:25:00,4806.0,16.1,9.5,65.0,295.0,7.4,1016.9,2024,12,9,18,25,4781.403333333338,0,4955.91,5222.96,4999.131666666667
2024-12-09 18:30:00,4792.41,15.2,9.3,68.0,296.0,7.4,1017.6,2024,12,9,18,30,4785.516666666671,0,4983.32,5245.67,4992.671666666666
2024-12-09 18:35:00,4785.25,15.2,9.3,68.0,296.0,7.4,1017.6,2024,12,9,18,35,4794.553333333338,0,4969.36,5252.19,4984.224166666666
2024-12-09 18:40:00,4785.1,15.2,9.3,68.0,296.0,7.4,1017.6,2024,12,9,18,40,4787.586666666672,0,4971.65,5252.92,4980.848333333333
2024-12-09 18:45:00,4764.89,15.2,9.3,68.0,296.0,7.4,1017.6,2024,12,9,18,45,4778.413333333338,0,4755.13,5250.04,4957.299166666667
2024-12-09 18:50:00,4775.59,15.2,9.3,68.0,296.0,7.4,1017.6,2024,12,9,18,50,4775.193333333339,0,4740.79,5247.67,4934.505
2024-12-09 18:55:00,4766.85,15.2,9.3,68.0,296.0,7.4,1017.6,2024,12,9,18,55,4769.110000000005,0,4864.53,5260.12,4926.561666666667
2024-12-09 19:00:00,4782.1,15.2,9.3,68.0,296.0,7.4,1017.6,2024,12,9,19,0,4774.846666666672,0,4871.83,5221.54,4917.985
2024-12-09 19:05:00,4743.95,15.2,9.3,68.0,296.0,7.4,1017.6,2024,12,9,19,5,4764.300000000006,0,4844.72,5227.86,4908.498333333333
2024-12-09 19:10:00,4755.57,15.2,9.3,68.0,296.0,7.4,1017.6,2024,12,9,19,10,4760.5400000000045,0,4831.78,5240.57,4895.154166666666
2024-12-09 19:15:00,4730.5,15.2,9.3,68.0,296.0,7.4,1017.6,2024,12,9,19,15,4743.340000000005,0,4869.09,5285.48,4885.763333333333
2024-12-09 19:20:00,4712.99,15.2,9.3,68.0,296.0,7.4,1017.6,2024,12,9,19,20,4733.020000000005,0,4868.69,5305.12,4877.233333333333
2024-12-09 19:25:00,4724.24,15.2,9.3,68.0,296.0,7.4,1017.6,2024,12,9,19,25,4722.576666666671,0,4891.23,5282.96,4871.843333333333
2024-12-09 19:30:00,4694.43,14.4,9.2,71.0,296.0,5.5,1018.4,2024,12,9,19,30,4710.553333333338,0,4868.26,5263.95,4862.255
2024-12-09 19:35:00,4634.91,14.4,9.2,71.0,296.0,5.5,1018.4,2024,12,9,19,35,4684.526666666671,0,4820.77,5289.34,4849.8725
2024-12-09 19:40:00,4670.24,14.4,9.2,71.0,296.0,5.5,1018.4,2024,12,9,19,40,4666.526666666671,0,4963.47,5293.62,4849.190833333333
2024-12-09 19:45:00,4639.31,14.4,9.2,71.0,296.0,5.5,1018.4,2024,12,9,19,45,4648.153333333338,0,4862.04,5344.27,4858.1
2024-12-09 19:50:00,4598.79,14.4,9.2,71.0,296.0,5.5,1018.4,2024,12,9,19,50,4636.113333333338,0,4814.2,5315.44,4864.2175
2024-12-09 19:55:00,4590.39,14.4,9.2,71.0,296.0,5.5,1018.4,2024,12,9,19,55,4609.496666666672,0,4851.41,5284.57,4863.124166666667
2024-12-09 20:00:00,4563.26,14.4,9.2,71.0,296.0,5.5,1018.4,2024,12,9,20,0,4584.146666666671,0,4853.8,5298.13,4861.621666666667
2024-12-09 20:05:00,4532.74,14.4,9.2,71.0,296.0,5.5,1018.4,2024,12,9,20,5,4562.130000000005,0,4806.81,5265.63,4858.462500000001
2024-12-09 20:10:00,4493.46,14.4,9.2,71.0,296.0,5.5,1018.4,2024,12,9,20,10,4529.820000000005,0,4776.86,5239.92,4853.885833333334
2024-12-09 20:15:00,4453.73,14.4,9.2,71.0,296.0,5.5,1018.4,2024,12,9,20,15,4493.310000000005,0,4780.07,5287.92,4846.4675
2024-12-09 20:20:00,4436.69,14.4,9.2,71.0,296.0,5.5,1018.4,2024,12,9,20,20,4461.293333333338,0,4758.14,5339.69,4837.255
2024-12-09 20:25:00,4472.7,14.4,9.2,71.0,296.0,5.5,1018.4,2024,12,9,20,25,4454.3733333333375,0,4806.0,5256.72,4830.1525
2024-12-09 20:30:00,4368.48,13.5,9.2,75.0,297.0,3.7,1019.1,2024,12,9,20,30,4425.9566666666715,0,4792.41,5293.69,4823.831666666666
2024-12-09 20:35:00,4358.75,13.5,9.2,75.0,297.0,3.7,1019.1,2024,12,9,20,35,4399.976666666672,0,4785.25,5309.99,4820.871666666667
2024-12-09 20:40:00,4343.78,13.5,9.2,75.0,297.0,3.7,1019.1,2024,12,9,20,40,4357.003333333338,0,4785.1,5301.09,4806.0075
2024-12-09 20:45:00,4327.02,13.5,9.2,75.0,297.0,3.7,1019.1,2024,12,9,20,45,4343.183333333338,0,4764.89,5269.47,4797.911666666667
2024-12-09 20:50:00,4300.15,13.5,9.2,75.0,297.0,3.7,1019.1,2024,12,9,20,50,4323.650000000005,0,4775.59,5276.72,4794.694166666667
2024-12-09 20:55:00,4274.32,13.5,9.2,75.0,297.0,3.7,1019.1,2024,12,9,20,55,4300.496666666672,0,4766.85,5263.89,4787.6475
2024-12-09 21:00:00,4257.17,13.5,9.2,75.0,297.0,3.7,1019.1,2024,12,9,21,0,4277.213333333338,0,4782.1,5248.87,4781.672500000001
2024-12-09 21:05:00,4247.68,13.5,9.2,75.0,297.0,3.7,1019.1,2024,12,9,21,5,4259.723333333338,0,4743.95,5240.42,4776.434166666667
2024-12-09 21:10:00,4230.18,13.5,9.2,75.0,297.0,3.7,1019.1,2024,12,9,21,10,4245.010000000005,0,4755.57,5245.72,4774.66
2024-12-09 21:15:00,4209.86,13.5,9.2,75.0,297.0,3.7,1019.1,2024,12,9,21,15,4229.240000000005,0,4730.5,5249.49,4770.529166666666
2024-12-09 21:20:00,4235.49,13.5,9.2,75.0,297.0,3.7,1019.1,2024,12,9,21,20,4225.176666666672,0,4712.99,5243.07,4766.766666666666
2024-12-09 21:25:00,4247.19,13.5,9.2,75.0,297.0,3.7,1019.1,2024,12,9,21,25,4230.846666666671,0,4724.24,5295.43,4759.953333333334
2024-12-09 21:30:00,4252.82,13.1,9.2,77.0,296.0,3.7,1019.4,2024,12,9,21,30,4245.1666666666715,0,4694.43,5342.45,4751.788333333334
2024-12-09 21:35:00,4235.64,13.1,9.2,77.0,296.0,3.7,1019.4,2024,12,9,21,35,4245.216666666672,0,4634.91,5313.12,4739.26
2024-12-09 21:40:00,4258.57,13.1,9.2,77.0,296.0,3.7,1019.4,2024,12,9,21,40,4249.010000000005,0,4670.24,5355.82,4729.6883333333335
2024-12-09 21:45:00,4233.77,13.1,9.2,77.0,296.0,3.7,1019.4,2024,12,9,21,45,4242.660000000004,0,4639.31,5348.58,4719.223333333333
2024-12-09 21:50:00,4252.41,13.1,9.2,77.0,296.0,3.7,1019.4,2024,12,9,21,50,4248.250000000005,0,4598.79,5359.98,4704.490000000001
2024-12-09 21:55:00,4263.12,13.1,9.2,77.0,296.0,3.7,1019.4,2024,12,9,21,55,4249.766666666671,0,4590.39,5377.55,4689.785000000001
2024-12-09 22:00:00,4253.68,13.1,9.2,77.0,296.0,3.7,1019.4,2024,12,9,22,0,4256.403333333338,0,4563.26,5394.65,4671.548333333333
2024-12-09 22:05:00,4229.59,13.1,9.2,77.0,296.0,3.7,1019.4,2024,12,9,22,5,4248.796666666672,0,4532.74,5391.45,4653.9475
2024-12-09 22:10:00,4279.79,13.1,9.2,77.0,296.0,3.7,1019.4,2024,12,9,22,10,4254.353333333339,0,4493.46,5373.48,4632.1050000000005
2024-12-09 22:15:00,4215.17,13.1,9.2,77.0,296.0,3.7,1019.4,2024,12,9,22,15,4241.516666666672,0,4453.73,5350.47,4609.0408333333335
2024-12-09 22:20:00,4253.4,13.1,9.2,77.0,296.0,3.7,1019.4,2024,12,9,22,20,4249.4533333333375,0,4436.69,5361.89,4586.015833333334
2024-12-09 22:25:00,4255.02,13.1,9.2,77.0,296.0,3.7,1019.4,2024,12,9,22,25,4241.196666666671,0,4472.7,5324.59,4565.054166666666
2024-12-09 22:30:00,4261.93,12.7,9.3,80.0,295.0,3.7,1019.7,2024,12,9,22,30,4256.783333333338,0,4368.48,5331.78,4537.891666666667
2024-12-09 22:35:00,4274.59,12.7,9.3,80.0,295.0,3.7,1019.7,2024,12,9,22,35,4263.846666666672,0,4358.75,5279.82,4514.878333333333
2024-12-10 00:00:00,4291.45,12.4,9.4,82.0,294.0,1.8,1019.9,2024,12,10,0,0,4275.990000000005,1,4343.78,5270.39,4487.673333333333
2024-12-10 00:05:00,4247.39,12.4,9.4,82.0,294.0,1.8,1019.9,2024,12,10,0,5,4271.143333333338,1,4327.02,5251.13,4461.649166666666
2024-12-10 00:10:00,4256.21,12.4,9.4,82.0,294.0,1.8,1019.9,2024,12,10,0,10,4265.016666666671,1,4300.15,5222.64,4436.7625
2024-12-10 00:15:00,4259.47,12.4,9.4,82.0,294.0,1.8,1019.9,2024,12,10,0,15,4254.356666666671,1,4274.32,5203.82,4410.423333333333
2024-12-10 00:20:00,4214.02,12.4,9.4,82.0,294.0,1.8,1019.9,2024,12,10,0,20,4243.233333333338,1,4257.17,5209.09,4384.9158333333335
2024-12-10 00:25:00,4212.1,12.4,9.4,82.0,294.0,1.8,1019.9,2024,12,10,0,25,4228.530000000005,1,4247.68,5143.51,4361.160833333332
2024-12-10 00:30:00,4194.4,11.9,9.3,84.0,293.0,3.7,1019.8,2024,12,10,0,30,4206.840000000005,1,4230.18,5135.44,4339.220833333333
2024-12-10 00:35:00,4182.65,11.9,9.3,84.0,293.0,3.7,1019.8,2024,12,10,0,35,4196.383333333338,1,4209.86,5128.55,4318.8983333333335
2024-12-10 00:40:00,4163.48,11.9,9.3,84.0,293.0,3.7,1019.8,2024,12,10,0,40,4180.176666666671,1,4235.49,5138.45,4302.131666666667
2024-12-10 00:45:00,4141.48,11.9,9.3,84.0,293.0,3.7,1019.8,2024,12,10,0,45,4162.536666666671,1,4247.19,5127.69,4283.339166666667
2024-12-10 00:50:00,4134.72,11.9,9.3,84.0,293.0,3.7,1019.8,2024,12,10,0,50,4146.560000000005,1,4252.82,5104.27,4273.700833333333
2024-12-10 00:55:00,4125.98,11.9,9.3,84.0,293.0,3.7,1019.8,2024,12,10,0,55,4134.060000000005,1,4235.64,5092.29,4263.441666666667
2024-12-10 01:00:00,4087.89,11.9,9.3,84.0,293.0,3.7,1019.8,2024,12,10,1,0,4116.196666666671,1,4258.57,5089.56,4256.340833333333
2024-12-10 01:05:00,4076.0,11.9,9.3,84.0,293.0,3.7,1019.8,2024,12,10,1,5,4096.6233333333375,1,4233.77,5080.36,4248.570000000001
2024-12-10 01:10:00,4061.74,11.9,9.3,84.0,293.0,3.7,1019.8,2024,12,10,1,10,4075.2100000000046,1,4252.41,5040.29,4244.591666666666
2024-12-10 01:15:00,4044.69,11.9,9.3,84.0,293.0,3.7,1019.8,2024,12,10,1,15,4060.810000000005,1,4263.12,5018.08,4243.658333333334
2024-12-10 01:20:00,4044.89,11.9,9.3,84.0,293.0,3.7,1019.8,2024,12,10,1,20,4050.4400000000046,1,4253.68,5311.69,4243.3675
2024-12-10 01:25:00,4029.53,11.9,9.3,84.0,293.0,3.7,1019.8,2024,12,10,1,25,4039.7033333333384,1,4229.59,5284.78,4241.86
2024-12-10 01:30:00,4009.28,11.5,8.9,84.0,291.0,3.7,1019.6,2024,12,10,1,30,4027.900000000005,1,4279.79,5261.49,4245.994166666666
2024-12-10 01:35:00,3986.6,11.5,8.9,84.0,291.0,3.7,1019.6,2024,12,10,1,35,4008.470000000005,1,4215.17,5234.55,4246.436666666667
2024-12-10 01:40:00,3966.81,11.5,8.9,84.0,291.0,3.7,1019.6,2024,12,10,1,40,3987.5633333333385,1,4253.4,5182.35,4247.929166666666
2024-12-10 01:45:00,3964.59,11.5,8.9,84.0,291.0,3.7,1019.6,2024,12,10,1,45,3972.666666666671,1,4255.02,5153.77,4248.581666666667
2024-12-10 01:50:00,3947.63,11.5,8.9,84.0,291.0,3.7,1019.6,2024,12,10,1,50,3959.676666666672,1,4261.93,5127.22,4249.340833333334
2024-12-10 01:55:00,3917.19,11.5,8.9,84.0,291.0,3.7,1019.6,2024,12,10,1,55,3943.1366666666713,1,4274.59,5086.75,4252.586666666667
2024-12-10 02:00:00,3912.54,11.5,8.9,84.0,291.0,3.7,1019.6,2024,12,10,2,0,3925.786666666672,1,4291.45,5042.62,4255.326666666667
2024-12-10 02:05:00,3886.49,11.5,8.9,84.0,291.0,3.7,1019.6,2024,12,10,2,5,3905.4066666666713,1,4247.39,5001.05,4256.461666666667
2024-12-10 02:10:00,3866.28,11.5,8.9,84.0,291.0,3.7,1019.6,2024,12,10,2,10,3888.436666666671,1,4256.21,4981.62,4256.778333333334
2024-12-10 02:15:00,3844.23,11.5,8.9,84.0,291.0,3.7,1019.6,2024,12,10,2,15,3865.666666666671,1,4259.47,4963.11,4256.474166666667
2024-12-10 02:20:00,3834.86,11.5,8.9,84.0,291.0,3.7,1019.6,2024,12,10,2,20,3848.456666666672,1,4214.02,4939.72,4253.169166666667
2024-12-10 02:25:00,3821.01,11.5,8.9,84.0,291.0,3.7,1019.6,2024,12,10,2,25,3833.366666666672,1,4212.1,4918.04,4251.711666666667
2024-12-10 02:30:00,3801.07,11.1,8.7,85.0,290.0,3.7,1019.4,2024,12,10,2,30,3818.980000000005,1,4194.4,4880.83,4244.595833333334
2024-12-10 02:35:00,3789.24,11.1,8.7,85.0,290.0,3.7,1019.4,2024,12,10,2,35,3803.773333333338,1,4182.65,4859.23,4241.885833333333
2024-12-10 02:40:00,3765.0,11.1,8.7,85.0,290.0,3.7,1019.4,2024,12,10,2,40,3785.103333333338,1,4163.48,4840.43,4234.392500000001
2024-12-10 02:45:00,3753.51,11.1,8.7,85.0,290.0,3.7,1019.4,2024,12,10,2,45,3769.250000000005,1,4141.48,4829.65,4224.930833333333
2024-12-10 02:50:00,3727.88,11.1,8.7,85.0,290.0,3.7,1019.4,2024,12,10,2,50,3748.796666666671,1,4134.72,4802.95,4214.33
2024-12-10 02:55:00,3715.13,11.1,8.7,85.0,290.0,3.7,1019.4,2024,12,10,2,55,3732.173333333338,1,4125.98,4789.21,4201.945833333333
2024-12-10 03:00:00,3698.18,11.1,8.7,85.0,290.0,3.7,1019.4,2024,12,10,3,0,3713.730000000005,1,4087.89,4773.88,4184.982499999999
2024-12-10 03:05:00,3680.45,11.1,8.7,85.0,290.0,3.7,1019.4,2024,12,10,3,5,3697.920000000005,1,4076.0,4759.67,4170.7
2024-12-10 03:10:00,3667.64,11.1,8.7,85.0,290.0,3.7,1019.4,2024,12,10,3,10,3682.090000000005,1,4061.74,4739.47,4154.494166666666
2024-12-10 03:15:00,3654.05,11.1,8.7,85.0,290.0,3.7,1019.4,2024,12,10,3,15,3667.3800000000047,1,4044.69,4725.29,4136.595833333333
2024-12-10 03:20:00,3646.7,11.1,8.7,85.0,290.0,3.7,1019.4,2024,12,10,3,20,3656.1300000000047,1,4044.89,4704.8,4122.501666666666
2024-12-10 03:25:00,3635.71,11.1,8.7,85.0,290.0,3.7,1019.4,2024,12,10,3,25,3645.486666666671,1,4029.53,4695.76,4107.2875
2024-12-10 03:30:00,3633.05,10.8,8.6,86.0,284.0,3.7,1019.3,2024,12,10,3,30,3638.486666666671,1,4009.28,4658.18,4091.8608333333336
2024-12-10 03:35:00,3615.15,10.8,8.6,86.0,284.0,3.7,1019.3,2024,12,10,3,35,3627.970000000005,1,3986.6,4643.97,4075.523333333333
2024-12-10 03:40:00,3608.35,10.8,8.6,86.0,284.0,3.7,1019.3,2024,12,10,3,40,3618.850000000005,1,3966.81,4633.55,4059.1341666666667
2024-12-10 03:45:00,3592.55,10.8,8.6,86.0,284.0,3.7,1019.3,2024,12,10,3,45,3605.350000000005,1,3964.59,4611.91,4044.3933333333334
2024-12-10 03:50:00,3585.74,10.8,8.6,86.0,284.0,3.7,1019.3,2024,12,10,3,50,3595.546666666671,1,3947.63,4586.98,4028.8025
2024-12-10 03:55:00,3571.63,10.8,8.6,86.0,284.0,3.7,1019.3,2024,12,10,3,55,3583.3066666666714,1,3917.19,4571.47,4011.4033333333336
2024-12-10 04:00:00,3570.6,10.8,8.6,86.0,284.0,3.7,1019.3,2024,12,10,4,0,3575.990000000005,1,3912.54,4553.72,3996.790833333334
2024-12-10 04:05:00,3565.25,10.8,8.6,86.0,284.0,3.7,1019.3,2024,12,10,4,5,3569.160000000005,1,3886.49,4538.88,3980.9983333333334
2024-12-10 04:10:00,3536.56,10.8,8.6,86.0,284.0,3.7,1019.3,2024,12,10,4,10,3557.470000000005,1,3866.28,4532.37,3964.7099999999996
2024-12-10 04:15:00,3546.53,10.8,8.6,86.0,284.0,3.7,1019.3,2024,12,10,4,15,3549.4466666666717,1,3844.23,4505.66,3948.0050000000006
2024-12-10 04:20:00,3532.58,10.8,8.6,86.0,284.0,3.7,1019.3,2024,12,10,4,20,3538.5566666666714,1,3834.86,4491.49,3930.5025000000005
2024-12-10 04:25:00,3529.41,10.8,8.6,86.0,284.0,3.7,1019.3,2024,12,10,4,25,3536.173333333338,1,3821.01,4473.75,3913.125833333333
2024-12-10 04:30:00,3541.08,10.4,8.3,87.0,279.0,5.5,1019.2,2024,12,10,4,30,3534.3566666666716,1,3801.07,4454.41,3895.775
2024-12-10 04:35:00,3527.77,10.4,8.3,87.0,279.0,5.5,1019.2,2024,12,10,4,35,3532.7533333333377,1,3789.24,4434.94,3879.3283333333334
2024-12-10 04:40:00,3513.45,10.4,8.3,87.0,279.0,5.5,1019.2,2024,12,10,4,40,3527.433333333338,1,3765.0,4430.56,3862.5108333333337
2024-12-10 04:45:00,3507.47,10.4,8.3,87.0,279.0,5.5,1019.2,2024,12,10,4,45,3516.230000000005,1,3753.51,4402.21,3844.9208333333336
2024-12-10 04:50:00,3482.46,10.4,8.3,87.0,279.0,5.5,1019.2,2024,12,10,4,50,3501.126666666671,1,3727.88,4389.04,3826.6083333333336
2024-12-10 04:55:00,3494.1,10.4,8.3,87.0,279.0,5.5,1019.2,2024,12,10,4,55,3494.6766666666713,1,3715.13,4394.37,3809.77
2024-12-10 05:00:00,3507.66,10.4,8.3,87.0,279.0,5.5,1019.2,2024,12,10,5,0,3494.7400000000052,1,3698.18,4372.64,3791.9066666666663
2024-12-10 05:05:00,3523.91,10.4,8.3,87.0,279.0,5.5,1019.2,2024,12,10,5,5,3508.556666666671,1,3680.45,4346.52,3774.736666666667
2024-12-10 05:10:00,3510.74,10.4,8.3,87.0,279.0,5.5,1019.2,2024,12,10,5,10,3514.103333333338,1,3667.64,4332.52,3758.183333333334
2024-12-10 05:15:00,3503.41,10.4,8.3,87.0,279.0,5.5,1019.2,2024,12,10,5,15,3512.6866666666715,1,3654.05,4304.95,3742.3349999999996
2024-12-10 05:20:00,3502.43,10.4,8.3,87.0,279.0,5.5,1019.2,2024,12,10,5,20,3505.5266666666716,1,3646.7,4295.82,3726.655
2024-12-10 05:25:00,3490.62,10.4,8.3,87.0,279.0,5.5,1019.2,2024,12,10,5,25,3498.8200000000047,1,3635.71,4287.13,3711.2133333333336
2024-12-10 05:30:00,3525.56,10.1,8.0,87.0,275.0,5.5,1019.1,2024,12,10,5,30,3506.2033333333384,1,3633.05,4269.86,3697.2116666666666
2024-12-10 05:35:00,3505.57,10.1,8.0,87.0,275.0,5.5,1019.1,2024,12,10,5,35,3507.250000000005,1,3615.15,4236.96,3682.7041666666664
2024-12-10 05:40:00,3500.49,10.1,8.0,87.0,275.0,5.5,1019.1,2024,12,10,5,40,3510.540000000005,1,3608.35,4231.38,3669.6499999999996
2024-12-10 05:45:00,3529.39,10.1,8.0,87.0,275.0,5.5,1019.1,2024,12,10,5,45,3511.8166666666716,1,3592.55,4230.39,3656.236666666666
2024-12-10 05:50:00,3488.53,10.1,8.0,87.0,275.0,5.5,1019.1,2024,12,10,5,50,3506.1366666666713,1,3585.74,4207.22,3644.3916666666664
2024-12-10 05:55:00,3504.6,10.1,8.0,87.0,275.0,5.5,1019.1,2024,12,10,5,55,3507.5066666666717,1,3571.63,4196.74,3632.433333333334
2024-12-10 06:00:00,3532.53,10.1,8.0,87.0,275.0,5.5,1019.1,2024,12,10,6,0,3508.5533333333383,1,3570.6,4176.87,3621.8016666666667
2024-12-10 06:05:00,3504.95,10.1,8.0,87.0,275.0,5.5,1019.1,2024,12,10,6,5,3514.0266666666716,1,3565.25,4180.22,3612.2016666666664
2024-12-10 06:10:00,3516.66,10.1,8.0,87.0,275.0,5.5,1019.1,2024,12,10,6,10,3518.046666666671,1,3536.56,4164.94,3601.278333333333
2024-12-10 06:15:00,3518.0,10.1,8.0,87.0,275.0,5.5,1019.1,2024,12,10,6,15,3513.203333333338,1,3546.53,4163.0,3592.318333333333
2024-12-10 06:20:00,3545.16,10.1,8.0,87.0,275.0,5.5,1019.1,2024,12,10,6,20,3526.6066666666716,1,3532.58,4157.02,3582.808333333333
2024-12-10 06:25:00,3529.63,10.1,8.0,87.0,275.0,5.5,1019.1,2024,12,10,6,25,3530.9300000000053,1,3529.41,4152.58,3573.9500000000003
2024-12-10 06:30:00,3564.59,10.0,7.9,87.0,272.0,7.4,1019.7,2024,12,10,6,30,3546.460000000005,1,3541.08,4147.56,3566.2858333333334
2024-12-10 06:35:00,3538.13,10.0,7.9,87.0,272.0,7.4,1019.7,2024,12,10,6,35,3544.116666666672,1,3527.77,4156.6,3559.004166666667
2024-12-10 06:40:00,3562.15,10.0,7.9,87.0,272.0,7.4,1019.7,2024,12,10,6,40,3554.956666666671,1,3513.45,4161.42,3551.0958333333333
2024-12-10 06:45:00,3551.39,10.0,7.9,87.0,272.0,7.4,1019.7,2024,12,10,6,45,3550.5566666666714,1,3507.47,4162.7,3544.005833333333
2024-12-10 06:50:00,3560.77,10.0,7.9,87.0,272.0,7.4,1019.7,2024,12,10,6,50,3558.1033333333385,1,3482.46,4166.89,3535.3991666666666
2024-12-10 06:55:00,3506.74,10.0,7.9,87.0,272.0,7.4,1019.7,2024,12,10,6,55,3539.633333333338,1,3494.1,4157.43,3528.938333333333
2024-12-10 07:00:00,3548.13,10.0,7.9,87.0,272.0,7.4,1019.7,2024,12,10,7,0,3538.546666666671,1,3507.66,4156.33,3523.693333333333
2024-12-10 07:05:00,3512.62,10.0,7.9,87.0,272.0,7.4,1019.7,2024,12,10,7,5,3522.496666666671,1,3523.91,4147.78,3520.248333333333
2024-12-10 07:10:00,3534.5,10.0,7.9,87.0,272.0,7.4,1019.7,2024,12,10,7,10,3531.750000000005,1,3510.74,4152.92,3518.096666666667
2024-12-10 07:15:00,3506.1,10.0,7.9,87.0,272.0,7.4,1019.7,2024,12,10,7,15,3517.740000000005,1,3503.41,4147.48,3514.5033333333336
2024-12-10 07:20:00,3538.88,10.0,7.9,87.0,272.0,7.4,1019.7,2024,12,10,7,20,3526.493333333338,1,3502.43,4158.41,3511.9908333333333
2024-12-10 07:25:00,3541.03,10.0,7.9,87.0,272.0,7.4,1019.7,2024,12,10,7,25,3528.670000000005,1,3490.62,4150.43,3508.758333333333
2024-12-10 07:30:00,3570.18,9.9,7.8,87.0,271.0,7.4,1020.3,2024,12,10,7,30,3550.0300000000047,1,3525.56,4178.92,3507.465
2024-12-10 07:35:00,3498.41,9.9,7.8,87.0,271.0,7.4,1020.3,2024,12,10,7,35,3536.540000000005,1,3505.57,4229.18,3505.615
2024-12-10 07:40:00,3504.32,9.9,7.8,87.0,271.0,7.4,1020.3,2024,12,10,7,40,3524.3033333333383,1,3500.49,4229.77,3504.535
2024-12-10 07:45:00,3489.53,9.9,7.8,87.0,271.0,7.4,1020.3,2024,12,10,7,45,3497.420000000005,1,3529.39,4236.08,3506.361666666666
2024-12-10 07:50:00,3517.9,9.9,7.8,87.0,271.0,7.4,1020.3,2024,12,10,7,50,3503.9166666666715,1,3488.53,4254.12,3506.8675
2024-12-10 07:55:00,3511.91,9.9,7.8,87.0,271.0,7.4,1020.3,2024,12,10,7,55,3506.4466666666717,1,3504.6,4267.56,3507.7425000000003
2024-12-10 08:00:00,3490.76,9.9,7.8,87.0,271.0,7.4,1020.3,2024,12,10,8,0,3506.8566666666716,1,3532.53,4282.48,3509.815
2024-12-10 08:05:00,3467.59,9.9,7.8,87.0,271.0,7.4,1020.3,2024,12,10,8,5,3490.0866666666716,1,3504.95,4272.5,3508.235
2024-12-10 08:10:00,3454.49,9.9,7.8,87.0,271.0,7.4,1020.3,2024,12,10,8,10,3470.9466666666717,1,3516.66,4270.89,3508.728333333334
2024-12-10 08:15:00,3493.99,9.9,7.8,87.0,271.0,7.4,1020.3,2024,12,10,8,15,3472.023333333338,1,3518.0,4247.49,3509.9441666666667
2024-12-10 08:20:00,3445.34,9.9,7.8,87.0,271.0,7.4,1020.3,2024,12,10,8,20,3464.6066666666716,1,3545.16,4288.12,3513.5049999999997
2024-12-10 08:25:00,3471.79,9.9,7.8,87.0,271.0,7.4,1020.3,2024,12,10,8,25,3470.373333333338,1,3529.63,4303.42,3516.755833333333
2024-12-10 08:30:00,3471.29,9.8,7.6,86.0,269.0,9.3,1020.9,2024,12,10,8,30,3462.8066666666714,1,3564.59,4281.93,3520.008333333333
2024-12-10 08:35:00,3446.29,9.8,7.6,86.0,269.0,9.3,1020.9,2024,12,10,8,35,3463.123333333338,1,3538.13,4306.01,3522.7216666666664
2024-12-10 08:40:00,3483.69,9.8,7.6,86.0,269.0,9.3,1020.9,2024,12,10,8,40,3467.090000000005,1,3562.15,4288.92,3527.86
2024-12-10 08:45:00,3466.71,9.8,7.6,86.0,269.0,9.3,1020.9,2024,12,10,8,45,3465.5633333333385,1,3551.39,4274.1,3529.693333333333
2024-12-10 08:50:00,3458.35,9.8,7.6,86.0,269.0,9.3,1020.9,2024,12,10,8,50,3469.583333333338,1,3560.77,4276.92,3535.7133333333336
2024-12-10 08:55:00,3451.57,9.8,7.6,86.0,269.0,9.3,1020.9,2024,12,10,8,55,3458.876666666671,1,3506.74,4270.68,3535.8916666666664
2024-12-10 09:00:00,3459.01,9.8,7.6,86.0,269.0,9.3,1020.9,2024,12,10,9,0,3456.310000000005,1,3548.13,4238.37,3537.191666666666
2024-12-10 09:05:00,3440.06,9.8,7.6,86.0,269.0,9.3,1020.9,2024,12,10,9,5,3450.213333333338,1,3512.62,4281.03,3537.8308333333334
2024-12-10 09:10:00,3443.7,9.8,7.6,86.0,269.0,9.3,1020.9,2024,12,10,9,10,3447.590000000005,1,3534.5,4293.75,3539.3174999999997
2024-12-10 09:15:00,3451.66,9.8,7.6,86.0,269.0,9.3,1020.9,2024,12,10,9,15,3445.140000000005,1,3506.1,4280.57,3538.325833333333
2024-12-10 09:20:00,3501.27,9.8,7.6,86.0,269.0,9.3,1020.9,2024,12,10,9,20,3465.543333333338,1,3538.88,4322.72,3537.8025000000002
2024-12-10 09:25:00,3573.69,9.8,7.6,86.0,269.0,9.3,1020.9,2024,12,10,9,25,3508.873333333338,1,3541.03,4289.99,3538.7525
2024-12-10 09:30:00,3568.16,11.6,7.7,77.0,273.0,9.3,1020.8,2024,12,10,9,30,3547.706666666671,1,3570.18,4335.73,3539.2183333333337
2024-12-10 09:35:00,3600.7,11.6,7.7,77.0,273.0,9.3,1020.8,2024,12,10,9,35,3580.8500000000045,1,3498.41,4335.12,3535.9083333333333
2024-12-10 09:40:00,3625.4,11.6,7.7,77.0,273.0,9.3,1020.8,2024,12,10,9,40,3598.0866666666716,1,3504.32,4377.05,3531.0891666666666
2024-12-10 09:45:00,3645.82,11.6,7.7,77.0,273.0,9.3,1020.8,2024,12,10,9,45,3623.9733333333384,1,3489.53,4387.97,3525.9341666666664
2024-12-10 09:50:00,3700.63,11.6,7.7,77.0,273.0,9.3,1020.8,2024,12,10,9,50,3657.2833333333383,1,3517.9,4390.98,3522.361666666666
2024-12-10 09:55:00,3693.76,11.6,7.7,77.0,273.0,9.3,1020.8,2024,12,10,9,55,3680.070000000005,1,3511.91,4366.58,3522.7925
2024-12-10 10:00:00,3733.72,11.6,7.7,77.0,273.0,9.3,1020.8,2024,12,10,10,0,3709.370000000005,1,3490.76,4435.51,3518.0116666666668
2024-12-10 10:05:00,3741.08,11.6,7.7,77.0,273.0,9.3,1020.8,2024,12,10,10,5,3722.853333333338,1,3467.59,4449.58,3514.2591666666667
2024-12-10 10:10:00,3752.7,11.6,7.7,77.0,273.0,9.3,1020.8,2024,12,10,10,10,3742.500000000005,1,3454.49,4440.25,3507.5916666666667
2024-12-10 10:15:00,3795.3,11.6,7.7,77.0,273.0,9.3,1020.8,2024,12,10,10,15,3763.026666666672,1,3493.99,4454.21,3506.5825000000004
2024-12-10 10:20:00,3806.41,11.6,7.7,77.0,273.0,9.3,1020.8,2024,12,10,10,20,3784.8033333333383,1,3445.34,4495.15,3498.7875
2024-12-10 10:25:00,3828.57,11.6,7.7,77.0,273.0,9.3,1020.8,2024,12,10,10,25,3810.093333333338,1,3471.79,4491.02,3493.0175
2024-12-10 10:30:00,3862.01,13.4,7.8,69.0,277.0,9.3,1020.8,2024,12,10,10,30,3832.3300000000054,1,3471.29,4537.43,3484.7766666666666
2024-12-10 10:35:00,3885.2,13.4,7.8,69.0,277.0,9.3,1020.8,2024,12,10,10,35,3858.5933333333383,1,3446.29,4602.04,3480.433333333334
2024-12-10 10:40:00,3857.49,13.4,7.8,69.0,277.0,9.3,1020.8,2024,12,10,10,40,3868.2333333333386,1,3483.69,4665.52,3478.7141666666666
2024-12-10 10:45:00,3933.68,13.4,7.8,69.0,277.0,9.3,1020.8,2024,12,10,10,45,3892.123333333338,1,3466.71,4678.71,3476.8125
2024-12-10 10:50:00,3907.51,13.4,7.8,69.0,277.0,9.3,1020.8,2024,12,10,10,50,3899.560000000005,1,3458.35,4717.51,3471.8500000000004
2024-12-10 10:55:00,3945.4,13.4,7.8,69.0,277.0,9.3,1020.8,2024,12,10,10,55,3928.8633333333382,1,3451.57,4792.1,3466.8216666666667
2024-12-10 11:00:00,3916.79,13.4,7.8,69.0,277.0,9.3,1020.8,2024,12,10,11,0,3923.2333333333386,1,3459.01,4885.99,3464.1758333333332
2024-12-10 11:05:00,3937.38,13.4,7.8,69.0,277.0,9.3,1020.8,2024,12,10,11,5,3933.1900000000046,1,3440.06,4838.57,3461.8816666666667
2024-12-10 11:10:00,3953.21,13.4,7.8,69.0,277.0,9.3,1020.8,2024,12,10,11,10,3935.7933333333385,1,3443.7,4915.96,3460.9825
2024-12-10 11:15:00,3985.31,13.4,7.8,69.0,277.0,9.3,1020.8,2024,12,10,11,15,3958.633333333338,1,3451.66,4945.38,3457.4550000000004
2024-12-10 11:20:00,3949.24,13.4,7.8,69.0,277.0,9.3,1020.8,2024,12,10,11,20,3962.586666666672,1,3501.27,4918.5,3462.1158333333333
2024-12-10 11:25:00,3991.65,13.4,7.8,69.0,277.0,9.3,1020.8,2024,12,10,11,25,3975.400000000005,1,3573.69,4946.28,3470.6075
2024-12-10 11:30:00,4023.96,15.1,8.1,63.0,279.0,9.3,1020.7,2024,12,10,11,30,3988.2833333333383,1,3568.16,4984.51,3478.68
2024-12-10 11:35:00,3961.09,15.1,8.1,63.0,279.0,9.3,1020.7,2024,12,10,11,35,3992.2333333333386,1,3600.7,4991.56,3491.5475
2024-12-10 11:40:00,3993.1,15.1,8.1,63.0,279.0,9.3,1020.7,2024,12,10,11,40,3992.7166666666712,1,3625.4,5018.08,3503.3566666666666
2024-12-10 11:45:00,4020.27,15.1,8.1,63.0,279.0,9.3,1020.7,2024,12,10,11,45,3991.486666666671,1,3645.82,5023.34,3518.2825
2024-12-10 11:50:00,3983.3,15.1,8.1,63.0,279.0,9.3,1020.7,2024,12,10,11,50,3998.890000000005,1,3700.63,5032.57,3538.4725
2024-12-10 11:55:00,3995.68,15.1,8.1,63.0,279.0,9.3,1020.7,2024,12,10,11,55,3999.750000000005,1,3693.76,5065.31,3558.655
2024-12-10 12:00:00,4042.76,15.1,8.1,63.0,279.0,9.3,1020.7,2024,12,10,12,0,4007.246666666671,1,3733.72,5089.65,3581.5475
2024-12-10 12:05:00,4020.65,15.1,8.1,63.0,279.0,9.3,1020.7,2024,12,10,12,5,4019.696666666672,1,3741.08,5035.84,3606.6324999999997
2024-12-10 12:10:00,4052.91,15.1,8.1,63.0,279.0,9.3,1020.7,2024,12,10,12,10,4038.773333333338,1,3752.7,5099.09,3632.3825
2024-12-10 12:15:00,4027.99,15.1,8.1,63.0,279.0,9.3,1020.7,2024,12,10,12,15,4033.850000000005,1,3795.3,5035.49,3661.0191666666665
2024-12-10 12:20:00,4028.24,15.1,8.1,63.0,279.0,9.3,1020.7,2024,12,10,12,20,4036.3800000000047,1,3806.41,5069.73,3686.4475
2024-12-10 12:25:00,4034.91,15.1,8.1,63.0,279.0,9.3,1020.7,2024,12,10,12,25,4030.3800000000047,1,3828.57,5076.64,3707.6875
2024-12-10 12:30:00,4030.37,16.1,7.6,57.0,281.0,11.1,1019.7,2024,12,10,12,30,4031.173333333338,1,3862.01,5112.34,3732.1750000000006
2024-12-10 12:35:00,4028.54,16.1,7.6,57.0,281.0,11.1,1019.7,2024,12,10,12,35,4031.273333333338,1,3885.2,5073.12,3755.883333333333
2024-12-10 12:40:00,4053.53,16.1,7.6,57.0,281.0,11.1,1019.7,2024,12,10,12,40,4037.480000000005,1,3857.49,5087.49,3775.224166666667
2024-12-10 12:45:00,4029.91,16.1,7.6,57.0,281.0,11.1,1019.7,2024,12,10,12,45,4037.3266666666714,1,3933.68,5111.0,3799.2124999999996
2024-12-10 12:50:00,4028.29,16.1,7.6,57.0,281.0,11.1,1019.7,2024,12,10,12,50,4037.243333333338,1,3907.51,5141.07,3816.4525
2024-12-10 12:55:00,4016.93,16.1,7.6,57.0,281.0,11.1,1019.7,2024,12,10,12,55,4025.043333333338,1,3945.4,5128.84,3837.4225
2024-12-10 13:00:00,3986.75,16.1,7.6,57.0,281.0,11.1,1019.7,2024,12,10,13,0,4010.6566666666713,1,3916.79,5147.85,3852.6783333333333
2024-12-10 13:05:00,3922.58,16.1,7.6,57.0,281.0,11.1,1019.7,2024,12,10,13,5,3975.420000000005,1,3937.38,5142.09,3869.036666666667
2024-12-10 13:10:00,3921.27,16.1,7.6,57.0,281.0,11.1,1019.7,2024,12,10,13,10,3943.5333333333383,1,3953.21,5127.73,3885.745833333333
2024-12-10 13:15:00,3916.81,16.1,7.6,57.0,281.0,11.1,1019.7,2024,12,10,13,15,3920.220000000005,1,3985.31,5142.75,3901.58
2024-12-10 13:20:00,3917.78,16.1,7.6,57.0,281.0,11.1,1019.7,2024,12,10,13,20,3918.620000000005,1,3949.24,5172.92,3913.4825
2024-12-10 13:25:00,3902.42,16.1,7.6,57.0,281.0,11.1,1019.7,2024,12,10,13,25,3912.336666666672,1,3991.65,5149.15,3927.0724999999998
2024-12-10 13:30:00,3918.3,17.0,7.1,52.0,282.0,13.0,1018.6,2024,12,10,13,30,3912.833333333338,1,4023.96,5147.54,3940.568333333334
2024-12-10 13:35:00,3908.73,17.0,7.1,52.0,282.0,13.0,1018.6,2024,12,10,13,35,3909.816666666672,1,3961.09,5173.66,3946.8925
2024-12-10 13:40:00,3930.67,17.0,7.1,52.0,282.0,13.0,1018.6,2024,12,10,13,40,3919.2333333333386,1,3993.1,5130.82,3958.193333333333
2024-12-10 13:45:00,3924.81,17.0,7.1,52.0,282.0,13.0,1018.6,2024,12,10,13,45,3921.403333333338,1,4020.27,5094.54,3965.409166666667
2024-12-10 13:50:00,3936.93,17.0,7.1,52.0,282.0,13.0,1018.6,2024,12,10,13,50,3930.8033333333383,1,3983.3,5130.6,3971.725
2024-12-10 13:55:00,3929.22,17.0,7.1,52.0,282.0,13.0,1018.6,2024,12,10,13,55,3930.3200000000047,1,3995.68,5127.26,3975.9149999999995
2024-12-10 14:00:00,3973.16,17.0,7.1,52.0,282.0,13.0,1018.6,2024,12,10,14,0,3946.436666666671,1,4042.76,5154.43,3986.4125000000004
2024-12-10 14:05:00,3990.3,17.0,7.1,52.0,282.0,13.0,1018.6,2024,12,10,14,5,3964.226666666671,1,4020.65,5120.44,3993.351666666667
2024-12-10 14:10:00,3975.31,17.0,7.1,52.0,282.0,13.0,1018.6,2024,12,10,14,10,3979.590000000005,1,4052.91,5115.4,4001.66
2024-12-10 14:15:00,3978.69,17.0,7.1,52.0,282.0,13.0,1018.6,2024,12,10,14,15,3981.4333333333384,1,4027.99,5095.11,4005.216666666667
2024-12-10 14:20:00,3989.47,17.0,7.1,52.0,282.0,13.0,1018.6,2024,12,10,14,20,3981.1566666666713,1,4028.24,5001.25,4011.7999999999997
2024-12-10 14:25:00,3997.39,17.0,7.1,52.0,282.0,13.0,1018.6,2024,12,10,14,25,3988.5166666666714,1,4034.91,4969.16,4015.405
2024-12-10 14:30:00,4012.86,17.9,6.7,48.0,283.0,13.0,1017.6,2024,12,10,14,30,3999.9066666666713,1,4030.37,4952.12,4015.9391666666666
2024-12-10 14:35:00,3992.13,17.9,6.7,48.0,283.0,13.0,1017.6,2024,12,10,14,35,4000.7933333333385,1,4028.54,4933.42,4021.56
2024-12-10 14:40:00,3996.1,17.9,6.7,48.0,283.0,13.0,1017.6,2024,12,10,14,40,4000.3633333333382,1,4053.53,4937.0,4026.5958333333333
2024-12-10 14:45:00,4007.75,17.9,6.7,48.0,283.0,13.0,1017.6,2024,12,10,14,45,3998.660000000005,1,4029.91,4896.15,4027.399166666666
2024-12-10 14:50:00,3979.62,17.9,6.7,48.0,283.0,13.0,1017.6,2024,12,10,14,50,3994.490000000005,1,4028.29,4948.48,4031.148333333333
2024-12-10 14:55:00,3986.4,17.9,6.7,48.0,283.0,13.0,1017.6,2024,12,10,14,55,3991.256666666672,1,4016.93,4928.49,4032.9191666666666
2024-12-10 15:00:00,4036.66,17.9,6.7,48.0,283.0,13.0,1017.6,2024,12,10,15,0,4000.8933333333384,1,3986.75,5011.94,4028.2516666666666
2024-12-10 15:05:00,4024.23,17.9,6.7,48.0,283.0,13.0,1017.6,2024,12,10,15,5,4015.7633333333383,1,3922.58,4989.32,4020.0791666666664
2024-12-10 15:10:00,4032.44,17.9,6.7,48.0,283.0,13.0,1017.6,2024,12,10,15,10,4031.1100000000047,1,3921.27,5053.99,4009.1091666666666
2024-12-10 15:15:00,4024.03,17.9,6.7,48.0,283.0,13.0,1017.6,2024,12,10,15,15,4026.900000000005,1,3916.81,5013.54,3999.8441666666663
2024-12-10 15:20:00,4024.76,17.9,6.7,48.0,283.0,13.0,1017.6,2024,12,10,15,20,4027.076666666672,1,3917.78,5055.96,3990.6391666666664
2024-12-10 15:25:00,4035.76,17.9,6.7,48.0,283.0,13.0,1017.6,2024,12,10,15,25,4028.1833333333384,1,3902.42,5016.39,3979.5983333333334
2024-12-10 15:30:00,3981.36,17.4,7.4,52.0,282.0,11.1,1017.5,2024,12,10,15,30,4013.960000000005,1,3918.3,5043.27,3970.2591666666667
2024-12-10 15:35:00,3991.03,17.4,7.4,52.0,282.0,11.1,1017.5,2024,12,10,15,35,4002.7166666666712,1,3908.73,5062.19,3960.2749999999996
2024-12-10 15:40:00,3990.22,17.4,7.4,52.0,282.0,11.1,1017.5,2024,12,10,15,40,3987.536666666672,1,3930.67,5070.53,3950.036666666667
2024-12-10 15:45:00,3946.73,17.4,7.4,52.0,282.0,11.1,1017.5,2024,12,10,15,45,3975.993333333338,1,3924.81,5077.36,3941.2783333333336
2024-12-10 15:50:00,3975.74,17.4,7.4,52.0,282.0,11.1,1017.5,2024,12,10,15,50,3970.896666666671,1,3936.93,5136.24,3933.6650000000004
2024-12-10 15:55:00,3908.99,17.4,7.4,52.0,282.0,11.1,1017.5,2024,12,10,15,55,3943.8200000000047,1,3929.22,5112.76,3926.3558333333335
2024-12-10 16:00:00,3901.68,17.4,7.4,52.0,282.0,11.1,1017.5,2024,12,10,16,0,3928.8033333333383,1,3973.16,5127.82,3925.2233333333334
2024-12-10 16:05:00,3921.45,17.4,7.4,52.0,282.0,11.1,1017.5,2024,12,10,16,5,3910.706666666671,1,3990.3,5138.54,3930.866666666667
2024-12-10 16:10:00,3889.08,17.4,7.4,52.0,282.0,11.1,1017.5,2024,12,10,16,10,3904.0700000000047,1,3975.31,5142.54,3935.3700000000003
2024-12-10 16:15:00,3897.0,17.4,7.4,52.0,282.0,11.1,1017.5,2024,12,10,16,15,3902.510000000004,1,3978.69,5131.09,3940.5266666666666
2024-12-10 16:20:00,3868.56,17.4,7.4,52.0,282.0,11.1,1017.5,2024,12,10,16,20,3884.8800000000047,1,3989.47,5143.96,3946.5008333333335
2024-12-10 16:25:00,3850.36,17.4,7.4,52.0,282.0,11.1,1017.5,2024,12,10,16,25,3871.9733333333384,1,3997.39,5151.85,3954.4150000000004
2024-12-10 16:30:00,3817.81,16.9,8.1,56.0,280.0,11.1,1017.5,2024,12,10,16,30,3845.5766666666714,1,4012.86,5126.96,3962.295
2024-12-10 16:35:00,3813.03,16.9,8.1,56.0,280.0,11.1,1017.5,2024,12,10,16,35,3827.066666666672,1,3992.13,5075.38,3969.2450000000003
2024-12-10 16:40:00,3787.31,16.9,8.1,56.0,280.0,11.1,1017.5,2024,12,10,16,40,3806.0500000000047,1,3996.1,5079.49,3974.6974999999998
2024-12-10 16:45:00,3770.29,16.9,8.1,56.0,280.0,11.1,1017.5,2024,12,10,16,45,3790.210000000005,1,4007.75,5089.34,3981.6091666666666
2024-12-10 16:50:00,3753.02,16.9,8.1,56.0,280.0,11.1,1017.5,2024,12,10,16,50,3770.206666666671,1,3979.62,5060.84,3985.1666666666665
2024-12-10 16:55:00,3727.57,16.9,8.1,56.0,280.0,11.1,1017.5,2024,12,10,16,55,3750.2933333333385,1,3986.4,5070.73,3989.931666666667
2024-12-10 17:00:00,3754.52,16.9,8.1,56.0,280.0,11.1,1017.5,2024,12,10,17,0,3745.036666666672,1,4036.66,5012.16,3995.2233333333334
2024-12-10 17:05:00,3749.45,16.9,8.1,56.0,280.0,11.1,1017.5,2024,12,10,17,5,3743.846666666672,1,4024.23,5037.72,3998.0508333333332
2024-12-10 17:10:00,3737.65,16.9,8.1,56.0,280.0,11.1,1017.5,2024,12,10,17,10,3747.206666666672,1,4032.44,5014.32,4002.8116666666665
2024-12-10 17:15:00,3692.32,16.9,8.1,56.0,280.0,11.1,1017.5,2024,12,10,17,15,3726.4733333333384,1,4024.03,4959.85,4006.59
2024-12-10 17:20:00,3735.68,16.9,8.1,56.0,280.0,11.1,1017.5,2024,12,10,17,20,3721.883333333338,1,4024.76,4974.75,4009.530833333333
2024-12-10 17:25:00,3682.7,16.9,8.1,56.0,280.0,11.1,1017.5,2024,12,10,17,25,3703.566666666672,1,4035.76,4958.56,4012.728333333333
2024-12-10 17:30:00,3674.51,16.3,8.8,61.0,276.0,9.3,1017.4,2024,12,10,17,30,3697.6300000000047,1,3981.36,4991.91,4010.103333333333
2024-12-10 17:35:00,3736.35,16.3,8.8,61.0,276.0,9.3,1017.4,2024,12,10,17,35,3697.853333333338,1,3991.03,4981.78,4010.0116666666668
2024-12-10 17:40:00,3692.62,16.3,8.8,61.0,276.0,9.3,1017.4,2024,12,10,17,40,3701.160000000005,1,3990.22,4971.05,4009.521666666667
2024-12-10 17:45:00,3690.35,16.3,8.8,61.0,276.0,9.3,1017.4,2024,12,10,17,45,3706.4400000000046,1,3946.73,4955.91,4004.436666666667
2024-12-10 17:50:00,3680.25,16.3,8.8,61.0,276.0,9.3,1017.4,2024,12,10,17,50,3687.740000000005,1,3975.74,4983.32,4004.1133333333332
2024-12-10 17:55:00,3687.81,16.3,8.8,61.0,276.0,9.3,1017.4,2024,12,10,17,55,3686.1366666666713,1,3908.99,4969.36,3997.6625
2024-12-10 18:00:00,3719.86,16.3,8.8,61.0,276.0,9.3,1017.4,2024,12,10,18,0,3695.9733333333384,1,3901.68,4971.65,3986.414166666667
2024-12-10 18:05:00,3732.38,16.3,8.8,61.0,276.0,9.3,1017.4,2024,12,10,18,5,3713.350000000005,1,3921.45,4755.13,3977.8491666666664
2024-12-10 18:10:00,3756.09,16.3,8.8,61.0,276.0,9.3,1017.4,2024,12,10,18,10,3736.1100000000047,1,3889.08,4740.79,3965.9025
2024-12-10 18:15:00,3774.04,16.3,8.8,61.0,276.0,9.3,1017.4,2024,12,10,18,15,3754.170000000005,1,3897.0,4864.53,3955.316666666666
2024-12-10 18:20:00,3772.84,16.3,8.8,61.0,276.0,9.3,1017.4,2024,12,10,18,20,3767.656666666672,1,3868.56,4871.83,3942.2999999999997
2024-12-10 18:25:00,3775.88,16.3,8.8,61.0,276.0,9.3,1017.4,2024,12,10,18,25,3774.253333333338,1,3850.36,4844.72,3926.85
2024-12-10 18:30:00,3793.25,15.3,8.5,64.0,274.0,7.4,1018.0,2024,12,10,18,30,3780.6566666666713,1,3817.81,4831.78,3913.2208333333333
2024-12-10 18:35:00,3729.62,15.3,8.5,64.0,274.0,7.4,1018.0,2024,12,10,18,35,3766.250000000005,1,3813.03,4869.09,3898.3875000000003
2024-12-10 18:40:00,3724.89,15.3,8.5,64.0,274.0,7.4,1018.0,2024,12,10,18,40,3749.253333333338,1,3787.31,4868.69,3881.478333333333
2024-12-10 18:45:00,3699.76,15.3,8.5,64.0,274.0,7.4,1018.0,2024,12,10,18,45,3718.090000000005,1,3770.29,4891.23,3866.7749999999996
2024-12-10 18:50:00,3701.62,15.3,8.5,64.0,274.0,7.4,1018.0,2024,12,10,18,50,3708.756666666672,1,3753.02,4868.26,3848.215
2024-12-10 18:55:00,3723.93,15.3,8.5,64.0,274.0,7.4,1018.0,2024,12,10,18,55,3708.436666666671,1,3727.57,4820.77,3833.096666666667
2024-12-10 19:00:00,3709.83,15.3,8.5,64.0,274.0,7.4,1018.0,2024,12,10,19,0,3711.793333333338,1,3754.52,4963.47,3820.8333333333335
2024-12-10 19:05:00,3672.76,15.3,8.5,64.0,274.0,7.4,1018.0,2024,12,10,19,5,3702.173333333338,1,3749.45,4862.04,3806.5
2024-12-10 19:10:00,3691.49,15.3,8.5,64.0,274.0,7.4,1018.0,2024,12,10,19,10,3691.3600000000047,1,3737.65,4814.2,3793.880833333333
2024-12-10 19:15:00,3678.81,15.3,8.5,64.0,274.0,7.4,1018.0,2024,12,10,19,15,3681.020000000005,1,3692.32,4851.41,3776.8241666666668
2024-12-10 19:20:00,3625.56,15.3,8.5,64.0,274.0,7.4,1018.0,2024,12,10,19,20,3665.286666666671,1,3735.68,4853.8,3765.7508333333335
2024-12-10 19:25:00,3643.32,15.3,8.5,64.0,274.0,7.4,1018.0,2024,12,10,19,25,3649.230000000005,1,3682.7,4806.81,3751.779166666667
2024-12-10 19:30:00,3628.73,14.3,8.3,67.0,271.0,5.5,1018.6,2024,12,10,19,30,3632.536666666672,1,3674.51,4776.86,3739.8374999999996
2024-12-10 19:35:00,3578.87,14.3,8.3,67.0,271.0,5.5,1018.6,2024,12,10,19,35,3616.9733333333384,1,3736.35,4780.07,3733.4474999999998
2024-12-10 19:40:00,3571.7,14.3,8.3,67.0,271.0,5.5,1018.6,2024,12,10,19,40,3593.1000000000045,1,3692.62,4758.14,3725.556666666667
2024-12-10 19:45:00,3572.2,14.3,8.3,67.0,271.0,5.5,1018.6,2024,12,10,19,45,3574.2566666666717,1,3690.35,4806.0,3718.895
2024-12-10 19:50:00,3570.4,14.3,8.3,67.0,271.0,5.5,1018.6,2024,12,10,19,50,3571.433333333338,1,3680.25,4792.41,3712.8308333333334
2024-12-10 19:55:00,3552.25,14.3,8.3,67.0,271.0,5.5,1018.6,2024,12,10,19,55,3564.950000000005,1,3687.81,4785.25,3709.5175
2024-12-10 20:00:00,3589.31,14.3,8.3,67.0,271.0,5.5,1018.6,2024,12,10,20,0,3570.6533333333377,1,3719.86,4785.1,3706.629166666667
2024-12-10 20:05:00,3569.96,14.3,8.3,67.0,271.0,5.5,1018.6,2024,12,10,20,5,3570.5066666666717,1,3732.38,4764.89,3705.206666666667
2024-12-10 20:10:00,3586.03,14.3,8.3,67.0,271.0,5.5,1018.6,2024,12,10,20,10,3581.7666666666714,1,3756.09,4775.59,3706.7433333333333
2024-12-10 20:15:00,3539.28,14.3,8.3,67.0,271.0,5.5,1018.6,2024,12,10,20,15,3565.090000000005,1,3774.04,4766.85,3713.5533333333333
2024-12-10 20:20:00,3571.82,14.3,8.3,67.0,271.0,5.5,1018.6,2024,12,10,20,20,3565.710000000005,1,3772.84,4782.1,3716.65
2024-12-10 20:25:00,3584.06,14.3,8.3,67.0,271.0,5.5,1018.6,2024,12,10,20,25,3565.0533333333383,1,3775.88,4743.95,3724.4149999999995
2024-12-10 20:30:00,3590.7,13.3,8.2,71.0,267.0,3.7,1019.2,2024,12,10,20,30,3582.193333333338,1,3793.25,4755.57,3734.31
2024-12-10 20:35:00,3588.08,13.3,8.2,71.0,267.0,3.7,1019.2,2024,12,10,20,35,3587.6133333333382,1,3729.62,4730.5,3733.7491666666665
2024-12-10 20:40:00,3612.93,13.3,8.2,71.0,267.0,3.7,1019.2,2024,12,10,20,40,3597.236666666671,1,3724.89,4712.99,3736.4383333333335
2024-12-10 20:45:00,3628.01,13.3,8.2,71.0,267.0,3.7,1019.2,2024,12,10,20,45,3609.673333333338,1,3699.76,4724.24,3737.2225000000003
2024-12-10 20:50:00,3631.09,13.3,8.2,71.0,267.0,3.7,1019.2,2024,12,10,20,50,3624.010000000004,1,3701.62,4694.43,3739.0033333333336
2024-12-10 20:55:00,3677.85,13.3,8.2,71.0,267.0,3.7,1019.2,2024,12,10,20,55,3645.650000000005,1,3723.93,4634.91,3742.013333333333
2024-12-10 21:00:00,3653.14,13.3,8.2,71.0,267.0,3.7,1019.2,2024,12,10,21,0,3654.026666666672,1,3709.83,4670.24,3741.1775
2024-12-10 21:05:00,3680.89,13.3,8.2,71.0,267.0,3.7,1019.2,2024,12,10,21,5,3670.626666666671,1,3672.76,4639.31,3736.209166666667
2024-12-10 21:10:00,3662.88,13.3,8.2,71.0,267.0,3.7,1019.2,2024,12,10,21,10,3665.6366666666713,1,3691.49,4598.79,3730.825833333334
2024-12-10 21:15:00,3711.12,13.3,8.2,71.0,267.0,3.7,1019.2,2024,12,10,21,15,3684.963333333338,1,3678.81,4590.39,3722.89
2024-12-10 21:20:00,3712.63,13.3,8.2,71.0,267.0,3.7,1019.2,2024,12,10,21,20,3695.5433333333385,1,3625.56,4563.26,3710.616666666667
2024-12-10 21:25:00,3716.93,13.3,8.2,71.0,267.0,3.7,1019.2,2024,12,10,21,25,3713.560000000005,1,3643.32,4532.74,3699.57
2024-12-10 21:30:00,3739.77,12.9,7.8,71.0,266.0,3.7,1019.3,2024,12,10,21,30,3723.1100000000047,1,3628.73,4493.46,3685.86
2024-12-10 21:35:00,3739.81,12.9,7.8,71.0,266.0,3.7,1019.3,2024,12,10,21,35,3732.170000000004,1,3578.87,4453.73,3673.2975
2024-12-10 21:40:00,3727.07,12.9,7.8,71.0,266.0,3.7,1019.3,2024,12,10,21,40,3735.5500000000047,1,3571.7,4436.69,3660.5316666666663
2024-12-10 21:45:00,3794.74,12.9,7.8,71.0,266.0,3.7,1019.3,2024,12,10,21,45,3753.873333333338,1,3572.2,4472.7,3649.9016666666666
2024-12-10 21:50:00,3775.84,12.9,7.8,71.0,266.0,3.7,1019.3,2024,12,10,21,50,3765.883333333338,1,3570.4,4368.48,3638.9666666666667
2024-12-10 21:55:00,3778.03,12.9,7.8,71.0,266.0,3.7,1019.3,2024,12,10,21,55,3782.870000000005,1,3552.25,4358.75,3624.66
2024-12-10 22:00:00,3797.89,12.9,7.8,71.0,266.0,3.7,1019.3,2024,12,10,22,0,3783.920000000005,1,3589.31,4343.78,3614.616666666667
2024-12-10 22:05:00,3790.84,12.9,7.8,71.0,266.0,3.7,1019.3,2024,12,10,22,5,3788.920000000005,1,3569.96,4327.02,3606.0499999999997
2024-12-10 22:10:00,3812.28,12.9,7.8,71.0,266.0,3.7,1019.3,2024,12,10,22,10,3800.336666666672,1,3586.03,4300.15,3597.2616666666668
2024-12-10 22:15:00,3824.71,12.9,7.8,71.0,266.0,3.7,1019.3,2024,12,10,22,15,3809.276666666672,1,3539.28,4274.32,3585.6341666666667
2024-12-10 22:20:00,3799.26,12.9,7.8,71.0,266.0,3.7,1019.3,2024,12,10,22,20,3812.083333333338,1,3571.82,4257.17,3581.155833333333
2024-12-10 22:25:00,3832.58,12.9,7.8,71.0,266.0,3.7,1019.3,2024,12,10,22,25,3818.850000000005,1,3584.06,4247.68,3576.2175
2024-12-11 00:00:00,2976.49,12.1,7.4,73.0,262.0,3.7,1019.5,2024,12,11,0,0,3536.1100000000047,2,3590.7,4230.18,3573.0483333333336
2024-12-11 00:05:00,2953.78,12.1,7.4,73.0,262.0,3.7,1019.5,2024,12,11,0,5,3254.2833333333383,2,3588.08,4209.86,3573.8158333333336
2024-12-11 00:10:00,2928.61,12.1,7.4,73.0,262.0,3.7,1019.5,2024,12,11,0,10,2952.960000000005,2,3612.93,4235.49,3577.251666666667
2024-12-11 00:15:00,2906.01,12.1,7.4,73.0,262.0,3.7,1019.5,2024,12,11,0,15,2929.466666666672,2,3628.01,4247.19,3581.9024999999997
2024-12-11 00:20:00,2902.37,12.1,7.4,73.0,262.0,3.7,1019.5,2024,12,11,0,20,2912.330000000005,2,3631.09,4252.82,3586.9600000000005
2024-12-11 00:25:00,2875.05,12.1,7.4,73.0,262.0,3.7,1019.5,2024,12,11,0,25,2894.4766666666715,2,3677.85,4235.64,3597.4266666666667
2024-12-11 00:30:00,2873.85,11.6,7.1,74.0,265.0,3.7,1019.3,2024,12,11,0,30,2883.7566666666717,2,3653.14,4258.57,3602.745833333333
2024-12-11 00:35:00,2840.91,11.6,7.1,74.0,265.0,3.7,1019.3,2024,12,11,0,35,2863.2700000000045,2,3680.89,4233.77,3611.99
2024-12-11 00:40:00,2840.78,11.6,7.1,74.0,265.0,3.7,1019.3,2024,12,11,0,40,2851.846666666672,2,3662.88,4252.41,3618.394166666667
2024-12-11 00:45:00,2826.0,11.6,7.1,74.0,265.0,3.7,1019.3,2024,12,11,0,45,2835.896666666671,2,3711.12,4263.12,3632.7141666666666
2024-12-11 00:50:00,2812.43,11.6,7.1,74.0,265.0,3.7,1019.3,2024,12,11,0,50,2826.4033333333377,2,3712.63,4253.68,3644.4483333333337
2024-12-11 00:55:00,2795.6,11.6,7.1,74.0,265.0,3.7,1019.3,2024,12,11,0,55,2811.343333333338,2,3716.93,4229.59,3655.5208333333335
2024-12-11 01:00:00,2793.83,11.6,7.1,74.0,265.0,3.7,1019.3,2024,12,11,1,0,2800.620000000005,2,3739.77,4279.79,3667.943333333333
2024-12-11 01:05:00,2768.79,11.6,7.1,74.0,265.0,3.7,1019.3,2024,12,11,1,5,2786.073333333338,2,3739.81,4215.17,3680.5874999999996
2024-12-11 01:10:00,2743.93,11.6,7.1,74.0,265.0,3.7,1019.3,2024,12,11,1,10,2768.8500000000045,2,3727.07,4253.4,3690.0991666666664
2024-12-11 01:15:00,2738.64,11.6,7.1,74.0,265.0,3.7,1019.3,2024,12,11,1,15,2750.4533333333384,2,3794.74,4255.02,3703.993333333334
2024-12-11 01:20:00,2738.93,11.6,7.1,74.0,265.0,3.7,1019.3,2024,12,11,1,20,2740.500000000005,2,3775.84,4261.93,3716.0558333333333
2024-12-11 01:25:00,2716.71,11.6,7.1,74.0,265.0,3.7,1019.3,2024,12,11,1,25,2731.4266666666713,2,3778.03,4274.59,3724.4041666666667
2024-12-11 01:30:00,2714.11,11.0,6.9,76.0,269.0,3.7,1019.1,2024,12,11,1,30,2723.250000000005,2,3797.89,4291.45,3736.4666666666667
2024-12-11 01:35:00,2699.35,11.0,6.9,76.0,269.0,3.7,1019.1,2024,12,11,1,35,2710.0566666666714,2,3790.84,4247.39,3745.629166666667
2024-12-11 01:40:00,2689.53,11.0,6.9,76.0,269.0,3.7,1019.1,2024,12,11,1,40,2700.996666666672,2,3812.28,4256.21,3758.0791666666664
2024-12-11 01:45:00,2672.25,11.0,6.9,76.0,269.0,3.7,1019.1,2024,12,11,1,45,2687.043333333338,2,3824.71,4259.47,3767.545
2024-12-11 01:50:00,2669.43,11.0,6.9,76.0,269.0,3.7,1019.1,2024,12,11,1,50,2677.070000000005,2,3799.26,4214.02,3774.7641666666664
2024-12-11 01:55:00,2663.76,11.0,6.9,76.0,269.0,3.7,1019.1,2024,12,11,1,55,2668.480000000005,2,3832.58,4212.1,3784.401666666667
2024-12-11 02:00:00,2677.26,11.0,6.9,76.0,269.0,3.7,1019.1,2024,12,11,2,0,2670.150000000005,2,2976.49,4194.4,3720.795
2024-12-11 02:05:00,2647.08,11.0,6.9,76.0,269.0,3.7,1019.1,2024,12,11,2,5,2662.700000000005,2,2953.78,4182.65,3655.2925
2024-12-11 02:10:00,2628.57,11.0,6.9,76.0,269.0,3.7,1019.1,2024,12,11,2,10,2650.970000000005,2,2928.61,4163.48,3588.754166666667
2024-12-11 02:15:00,2621.34,11.0,6.9,76.0,269.0,3.7,1019.1,2024,12,11,2,15,2632.330000000005,2,2906.01,4141.48,3514.693333333333
2024-12-11 02:20:00,2611.64,11.0,6.9,76.0,269.0,3.7,1019.1,2024,12,11,2,20,2620.5166666666714,2,2902.37,4134.72,3441.9041666666667
2024-12-11 02:25:00,2612.25,11.0,6.9,76.0,269.0,3.7,1019.1,2024,12,11,2,25,2615.0766666666714,2,2875.05,4125.98,3366.6558333333337
2024-12-11 02:30:00,2605.13,10.4,6.7,78.0,273.0,3.7,1018.9,2024,12,11,2,30,2609.673333333338,2,2873.85,4087.89,3289.6525
2024-12-11 02:35:00,2602.67,10.4,6.7,78.0,273.0,3.7,1018.9,2024,12,11,2,35,2606.6833333333384,2,2840.91,4076.0,3210.491666666667
2024-12-11 02:40:00,2591.58,10.4,6.7,78.0,273.0,3.7,1018.9,2024,12,11,2,40,2599.7933333333385,2,2840.78,4061.74,3129.5333333333333
2024-12-11 02:45:00,2591.47,10.4,6.7,78.0,273.0,3.7,1018.9,2024,12,11,2,45,2595.240000000005,2,2826.0,4044.69,3046.3075000000003
2024-12-11 02:50:00,2579.82,10.4,6.7,78.0,273.0,3.7,1018.9,2024,12,11,2,50,2587.623333333338,2,2812.43,4044.89,2964.0716666666667
2024-12-11 02:55:00,2574.53,10.4,6.7,78.0,273.0,3.7,1018.9,2024,12,11,2,55,2581.9400000000046,2,2795.6,4029.53,2877.656666666667
2024-12-11 03:00:00,2565.64,10.4,6.7,78.0,273.0,3.7,1018.9,2024,12,11,3,0,2573.330000000005,2,2793.83,4009.28,2862.435
2024-12-11 03:05:00,2565.28,10.4,6.7,78.0,273.0,3.7,1018.9,2024,12,11,3,5,2568.4833333333386,2,2768.79,3986.6,2847.019166666667
2024-12-11 03:10:00,2554.42,10.4,6.7,78.0,273.0,3.7,1018.9,2024,12,11,3,10,2561.7800000000047,2,2743.93,3966.81,2831.629166666667
2024-12-11 03:15:00,2559.53,10.4,6.7,78.0,273.0,3.7,1018.9,2024,12,11,3,15,2559.743333333339,2,2738.64,3964.59,2817.681666666667
2024-12-11 03:20:00,2556.91,10.4,6.7,78.0,273.0,3.7,1018.9,2024,12,11,3,20,2556.9533333333384,2,2738.93,3947.63,2804.0616666666665
2024-12-11 03:25:00,2564.48,10.4,6.7,78.0,273.0,3.7,1018.9,2024,12,11,3,25,2560.3066666666714,2,2716.71,3917.19,2790.866666666667
2024-12-11 03:30:00,2547.54,10.0,6.3,78.0,271.0,3.7,1018.9,2024,12,11,3,30,2556.3100000000045,2,2714.11,3912.54,2777.5550000000003
2024-12-11 03:35:00,2555.7,10.0,6.3,78.0,271.0,3.7,1018.9,2024,12,11,3,35,2555.906666666672,2,2699.35,3886.49,2765.758333333333
2024-12-11 03:40:00,2556.5,10.0,6.3,78.0,271.0,3.7,1018.9,2024,12,11,3,40,2553.246666666671,2,2689.53,3866.28,2753.1541666666667
2024-12-11 03:45:00,2560.56,10.0,6.3,78.0,271.0,3.7,1018.9,2024,12,11,3,45,2557.5866666666716,2,2672.25,3844.23,2740.3416666666667
2024-12-11 03:50:00,2566.49,10.0,6.3,78.0,271.0,3.7,1018.9,2024,12,11,3,50,2561.183333333338,2,2669.43,3834.86,2728.4249999999997
2024-12-11 03:55:00,2576.09,10.0,6.3,78.0,271.0,3.7,1018.9,2024,12,11,3,55,2567.713333333338,2,2663.76,3821.01,2717.438333333333
2024-12-11 04:00:00,2592.52,10.0,6.3,78.0,271.0,3.7,1018.9,2024,12,11,4,0,2578.366666666672,2,2677.26,3801.07,2707.724166666667
2024-12-11 04:05:00,2586.22,10.0,6.3,78.0,271.0,3.7,1018.9,2024,12,11,4,5,2584.943333333338,2,2647.08,3789.24,2697.5816666666665
2024-12-11 04:10:00,2604.37,10.0,6.3,78.0,271.0,3.7,1018.9,2024,12,11,4,10,2594.370000000005,2,2628.57,3765.0,2687.9683333333337
2024-12-11 04:15:00,2605.49,10.0,6.3,78.0,271.0,3.7,1018.9,2024,12,11,4,15,2598.693333333338,2,2621.34,3753.51,2678.193333333333
2024-12-11 04:20:00,2615.07,10.0,6.3,78.0,271.0,3.7,1018.9,2024,12,11,4,20,2608.310000000005,2,2611.64,3727.88,2667.5858333333335
2024-12-11 04:25:00,2615.23,10.0,6.3,78.0,271.0,3.7,1018.9,2024,12,11,4,25,2611.9300000000044,2,2612.25,3715.13,2658.8808333333336
2024-12-11 04:30:00,2632.4,9.6,6.1,79.0,269.0,5.5,1018.8,2024,12,11,4,30,2620.9000000000046,2,2605.13,3698.18,2649.7991666666667
2024-12-11 04:35:00,2629.08,9.6,6.1,79.0,269.0,5.5,1018.8,2024,12,11,4,35,2625.5700000000047,2,2602.67,3680.45,2641.7425
2024-12-11 04:40:00,2648.74,9.6,6.1,79.0,269.0,5.5,1018.8,2024,12,11,4,40,2636.740000000005,2,2591.58,3667.64,2633.58
2024-12-11 04:45:00,2659.85,9.6,6.1,79.0,269.0,5.5,1018.8,2024,12,11,4,45,2645.890000000005,2,2591.47,3654.05,2626.8483333333334
2024-12-11 04:50:00,2670.86,9.6,6.1,79.0,269.0,5.5,1018.8,2024,12,11,4,50,2659.8166666666716,2,2579.82,3646.7,2619.380833333333
2024-12-11 04:55:00,2682.3,9.6,6.1,79.0,269.0,5.5,1018.8,2024,12,11,4,55,2671.003333333338,2,2574.53,3635.71,2611.945
2024-12-11 05:00:00,2702.43,9.6,6.1,79.0,269.0,5.5,1018.8,2024,12,11,5,0,2685.1966666666717,2,2565.64,3633.05,2602.6433333333334
2024-12-11 05:05:00,2802.59,9.6,6.1,79.0,269.0,5.5,1018.8,2024,12,11,5,5,2729.1066666666716,2,2565.28,3615.15,2595.826666666667
2024-12-11 05:10:00,2829.66,9.6,6.1,79.0,269.0,5.5,1018.8,2024,12,11,5,10,2778.2266666666715,2,2554.42,3608.35,2589.6474999999996
2024-12-11 05:15:00,2870.17,9.6,6.1,79.0,269.0,5.5,1018.8,2024,12,11,5,15,2834.140000000005,2,2559.53,3592.55,2584.496666666667
2024-12-11 05:20:00,2804.62,9.6,6.1,79.0,269.0,5.5,1018.8,2024,12,11,5,20,2834.816666666671,2,2556.91,3585.74,2579.9358333333334
2024-12-11 05:25:00,2841.66,9.6,6.1,79.0,269.0,5.5,1018.8,2024,12,11,5,25,2838.816666666671,2,2564.48,3571.63,2575.955
2024-12-11 05:30:00,2853.81,9.1,5.8,80.0,268.0,5.5,1018.8,2024,12,11,5,30,2833.3633333333382,2,2547.54,3570.6,2571.1558333333337
2024-12-11 05:35:00,2880.62,9.1,5.8,80.0,268.0,5.5,1018.8,2024,12,11,5,35,2858.6966666666717,2,2555.7,3565.25,2567.241666666667
2024-12-11 05:40:00,2932.36,9.1,5.8,80.0,268.0,5.5,1018.8,2024,12,11,5,40,2888.9300000000053,2,2556.5,3536.56,2564.318333333333
2024-12-11 05:45:00,2977.88,9.1,5.8,80.0,268.0,5.5,1018.8,2024,12,11,5,45,2930.286666666672,2,2560.56,3546.53,2561.7425
2024-12-11 05:50:00,2988.19,9.1,5.8,80.0,268.0,5.5,1018.8,2024,12,11,5,50,2966.1433333333384,2,2566.49,3532.58,2560.6316666666667
2024-12-11 05:55:00,3054.35,9.1,5.8,80.0,268.0,5.5,1018.8,2024,12,11,5,55,3006.8066666666714,2,2576.09,3529.41,2560.7616666666668
2024-12-11 06:00:00,3097.73,9.1,5.8,80.0,268.0,5.5,1018.8,2024,12,11,6,0,3046.7566666666717,2,2592.52,3541.08,2563.0016666666666
2024-12-11 06:05:00,3146.16,9.1,5.8,80.0,268.0,5.5,1018.8,2024,12,11,6,5,3099.413333333338,2,2586.22,3527.77,2564.7466666666664
2024-12-11 06:10:00,3216.76,9.1,5.8,80.0,268.0,5.5,1018.8,2024,12,11,6,10,3153.5500000000047,2,2604.37,3513.45,2568.909166666667
2024-12-11 06:15:00,3278.68,9.1,5.8,80.0,268.0,5.5,1018.8,2024,12,11,6,15,3213.866666666672,2,2605.49,3507.47,2572.7391666666667
2024-12-11 06:20:00,3314.23,9.1,5.8,80.0,268.0,5.5,1018.8,2024,12,11,6,20,3269.890000000005,2,2615.07,3482.46,2577.585833333333
2024-12-11 06:25:00,3374.5,9.1,5.8,80.0,268.0,5.5,1018.8,2024,12,11,6,25,3322.470000000005,2,2615.23,3494.1,2581.815
2024-12-11 06:30:00,3405.65,9.2,5.7,79.0,266.0,5.5,1019.5,2024,12,11,6,30,3364.793333333338,2,2632.4,3507.66,2588.8866666666668
2024-12-11 06:35:00,3396.59,9.2,5.7,79.0,266.0,5.5,1019.5,2024,12,11,6,35,3392.246666666671,2,2629.08,3523.91,2595.0016666666666
2024-12-11 06:40:00,3451.0,9.2,5.7,79.0,266.0,5.5,1019.5,2024,12,11,6,40,3417.746666666671,2,2648.74,3510.74,2602.688333333333
2024-12-11 06:45:00,3456.87,9.2,5.7,79.0,266.0,5.5,1019.5,2024,12,11,6,45,3434.820000000005,2,2659.85,3503.41,2610.9625
2024-12-11 06:50:00,3513.86,9.2,5.7,79.0,266.0,5.5,1019.5,2024,12,11,6,50,3473.910000000005,2,2670.86,3502.43,2619.66
2024-12-11 06:55:00,3482.96,9.2,5.7,79.0,266.0,5.5,1019.5,2024,12,11,6,55,3484.5633333333385,2,2682.3,3490.62,2628.5108333333333
2024-12-11 07:00:00,3504.04,9.2,5.7,79.0,266.0,5.5,1019.5,2024,12,11,7,0,3500.286666666672,2,2702.43,3525.56,2637.67
2024-12-11 07:05:00,3503.2,9.2,5.7,79.0,266.0,5.5,1019.5,2024,12,11,7,5,3496.7333333333386,2,2802.59,3505.57,2655.7008333333333
2024-12-11 07:10:00,3527.16,9.2,5.7,79.0,266.0,5.5,1019.5,2024,12,11,7,10,3511.4666666666712,2,2829.66,3500.49,2674.475
2024-12-11 07:15:00,3550.02,9.2,5.7,79.0,266.0,5.5,1019.5,2024,12,11,7,15,3526.793333333338,2,2870.17,3529.39,2696.5316666666668
2024-12-11 07:20:00,3626.52,9.2,5.7,79.0,266.0,5.5,1019.5,2024,12,11,7,20,3567.900000000005,2,2804.62,3488.53,2712.3275
2024-12-11 07:25:00,3588.77,9.2,5.7,79.0,266.0,5.5,1019.5,2024,12,11,7,25,3588.4366666666715,2,2841.66,3504.6,2731.1966666666667
2024-12-11 07:30:00,3568.09,9.3,5.5,77.0,263.0,7.4,1020.1,2024,12,11,7,30,3594.4600000000046,2,2853.81,3532.53,2749.6474999999996
2024-12-11 07:35:00,3457.49,9.3,5.5,77.0,263.0,7.4,1020.1,2024,12,11,7,35,3538.116666666672,2,2880.62,3504.95,2770.6091666666666
2024-12-11 07:40:00,3469.89,9.3,5.5,77.0,263.0,7.4,1020.1,2024,12,11,7,40,3498.490000000005,2,2932.36,3516.66,2794.244166666667
2024-12-11 07:45:00,3413.51,9.3,5.5,77.0,263.0,7.4,1020.1,2024,12,11,7,45,3446.963333333338,2,2977.88,3518.0,2820.7466666666664
2024-12-11 07:50:00,3459.04,9.3,5.5,77.0,263.0,7.4,1020.1,2024,12,11,7,50,3447.480000000005,2,2988.19,3545.16,2847.1908333333336
2024-12-11 07:55:00,3469.24,9.3,5.5,77.0,263.0,7.4,1020.1,2024,12,11,7,55,3447.2633333333383,2,3054.35,3529.63,2878.195
2024-12-11 08:00:00,3409.0,9.3,5.5,77.0,263.0,7.4,1020.1,2024,12,11,8,0,3445.7600000000043,2,3097.73,3564.59,2911.1366666666668
2024-12-11 08:05:00,3468.96,9.3,5.5,77.0,263.0,7.4,1020.1,2024,12,11,8,5,3449.0666666666716,2,3146.16,3538.13,2939.7675
2024-12-11 08:10:00,3435.97,9.3,5.5,77.0,263.0,7.4,1020.1,2024,12,11,8,10,3437.9766666666715,2,3216.76,3562.15,2972.025833333333
2024-12-11 08:15:00,3499.78,9.3,5.5,77.0,263.0,7.4,1020.1,2024,12,11,8,15,3468.236666666671,2,3278.68,3551.39,3006.068333333333
2024-12-11 08:20:00,3490.61,9.3,5.5,77.0,263.0,7.4,1020.1,2024,12,11,8,20,3475.4533333333384,2,3314.23,3560.77,3048.5358333333334
2024-12-11 08:25:00,3458.89,9.3,5.5,77.0,263.0,7.4,1020.1,2024,12,11,8,25,3483.0933333333383,2,3374.5,3506.74,3092.939166666667
2024-12-11 08:30:00,3112.38,9.3,5.3,76.0,262.0,7.4,1020.8,2024,12,11,8,30,3353.960000000005,2,3405.65,3548.13,3138.9258333333332
2024-12-11 08:35:00,3316.59,9.3,5.3,76.0,262.0,7.4,1020.8,2024,12,11,8,35,3295.9533333333384,2,3396.59,3512.62,3181.9233333333336
2024-12-11 08:40:00,3567.53,9.3,5.3,76.0,262.0,7.4,1020.8,2024,12,11,8,40,3332.1666666666715,2,3451.0,3534.5,3225.1433333333334
2024-12-11 08:45:00,3515.44,9.3,5.3,76.0,262.0,7.4,1020.8,2024,12,11,8,45,3466.5200000000054,2,3456.87,3506.1,3265.0591666666664
2024-12-11 08:50:00,3535.16,9.3,5.3,76.0,262.0,7.4,1020.8,2024,12,11,8,50,3539.376666666672,2,3513.86,3538.88,3308.8650000000002
2024-12-11 08:55:00,3519.46,9.3,5.3,76.0,262.0,7.4,1020.8,2024,12,11,8,55,3523.353333333338,2,3482.96,3541.03,3344.5825
2024-12-11 09:00:00,3544.49,9.3,5.3,76.0,262.0,7.4,1020.8,2024,12,11,9,0,3533.036666666672,2,3504.04,3570.18,3378.441666666667
2024-12-11 09:05:00,3575.56,9.3,5.3,76.0,262.0,7.4,1020.8,2024,12,11,9,5,3546.503333333338,2,3503.2,3498.41,3408.1949999999997
2024-12-11 09:10:00,3632.47,9.3,5.3,76.0,262.0,7.4,1020.8,2024,12,11,9,10,3584.173333333338,2,3527.16,3504.32,3434.061666666667
2024-12-11 09:15:00,3675.81,9.3,5.3,76.0,262.0,7.4,1020.8,2024,12,11,9,15,3627.946666666672,2,3550.02,3489.53,3456.6733333333336
2024-12-11 09:20:00,3733.07,9.3,5.3,76.0,262.0,7.4,1020.8,2024,12,11,9,20,3680.450000000005,2,3626.52,3517.9,3482.6974999999998
2024-12-11 09:25:00,3784.37,9.3,5.3,76.0,262.0,7.4,1020.8,2024,12,11,9,25,3731.083333333338,2,3588.77,3511.91,3500.5533333333333
2024-12-11 09:30:00,3764.26,11.4,5.3,66.0,266.0,9.3,1020.8,2024,12,11,9,30,3760.566666666672,2,3568.09,3490.76,3514.0899999999997
2024-12-11 09:35:00,3807.28,11.4,5.3,66.0,266.0,9.3,1020.8,2024,12,11,9,35,3785.3033333333383,2,3457.49,3467.59,3519.1650000000004
2024-12-11 09:40:00,3871.26,11.4,5.3,66.0,266.0,9.3,1020.8,2024,12,11,9,40,3814.266666666672,2,3469.89,3454.49,3520.7391666666667
2024-12-11 09:45:00,3869.34,11.4,5.3,66.0,266.0,9.3,1020.8,2024,12,11,9,45,3849.2933333333385,2,3413.51,3493.99,3517.125833333333
2024-12-11 09:50:00,3905.1,11.4,5.3,66.0,266.0,9.3,1020.8,2024,12,11,9,50,3881.900000000005,2,3459.04,3445.34,3512.5574999999994
2024-12-11 09:55:00,3885.81,11.4,5.3,66.0,266.0,9.3,1020.8,2024,12,11,9,55,3886.750000000005,2,3469.24,3471.79,3511.414166666667
2024-12-11 10:00:00,3938.94,11.4,5.3,66.0,266.0,9.3,1020.8,2024,12,11,10,0,3909.950000000005,2,3409.0,3471.29,3503.494166666667
2024-12-11 10:05:00,3932.27,11.4,5.3,66.0,266.0,9.3,1020.8,2024,12,11,10,5,3919.006666666672,2,3468.96,3446.29,3500.6408333333334
2024-12-11 10:10:00,3736.22,11.4,5.3,66.0,266.0,9.3,1020.8,2024,12,11,10,10,3869.1433333333384,2,3435.97,3483.69,3493.0416666666665
2024-12-11 10:15:00,3973.91,11.4,5.3,66.0,266.0,9.3,1020.8,2024,12,11,10,15,3880.8000000000047,2,3499.78,3466.71,3488.855
2024-12-11 10:20:00,3975.52,11.4,5.3,66.0,266.0,9.3,1020.8,2024,12,11,10,20,3895.2166666666712,2,3490.61,3458.35,3477.529166666667
2024-12-11 10:25:00,4003.34,11.4,5.3,66.0,266.0,9.3,1020.8,2024,12,11,10,25,3984.256666666672,2,3458.89,3451.57,3466.7058333333334
2024-12-11 10:30:00,3991.65,13.5,5.1,57.0,270.0,9.3,1020.8,2024,12,11,10,30,3990.170000000005,2,3112.38,3459.01,3428.73
2024-12-11 10:35:00,3985.0,13.5,5.1,57.0,270.0,9.3,1020.8,2024,12,11,10,35,3993.330000000005,2,3316.59,3440.06,3416.9883333333332
2024-12-11 10:40:00,3985.2,13.5,5.1,57.0,270.0,9.3,1020.8,2024,12,11,10,40,3987.283333333338,2,3567.53,3443.7,3425.125
2024-12-11 10:45:00,4006.26,13.5,5.1,57.0,270.0,9.3,1020.8,2024,12,11,10,45,3992.1533333333377,2,3515.44,3451.66,3433.6191666666673
2024-12-11 10:50:00,4030.3,13.5,5.1,57.0,270.0,9.3,1020.8,2024,12,11,10,50,4007.253333333338,2,3535.16,3501.27,3439.9625
2024-12-11 10:55:00,3989.1,13.5,5.1,57.0,270.0,9.3,1020.8,2024,12,11,10,55,4008.5533333333383,2,3519.46,3573.69,3444.1474999999996
2024-12-11 11:00:00,4017.77,13.5,5.1,57.0,270.0,9.3,1020.8,2024,12,11,11,0,4012.390000000005,2,3544.49,3568.16,3455.438333333333
2024-12-11 11:05:00,3986.89,13.5,5.1,57.0,270.0,9.3,1020.8,2024,12,11,11,5,3997.920000000005,2,3575.56,3600.7,3464.3216666666667
2024-12-11 11:10:00,4055.64,13.5,5.1,57.0,270.0,9.3,1020.8,2024,12,11,11,10,4020.100000000005,2,3632.47,3625.4,3480.6966666666667
2024-12-11 11:15:00,3982.03,13.5,5.1,57.0,270.0,9.3,1020.8,2024,12,11,11,15,4008.186666666671,2,3675.81,3645.82,3495.3658333333333
2024-12-11 11:20:00,4051.43,13.5,5.1,57.0,270.0,9.3,1020.8,2024,12,11,11,20,4029.700000000005,2,3733.07,3700.63,3515.570833333333
2024-12-11 11:25:00,4021.8,13.5,5.1,57.0,270.0,9.3,1020.8,2024,12,11,11,25,4018.420000000005,2,3784.37,3693.76,3542.6941666666667
2024-12-11 11:30:00,4024.02,15.6,4.9,49.0,273.0,11.1,1020.8,2024,12,11,11,30,4032.416666666671,2,3764.26,3733.72,3597.0175
2024-12-11 11:35:00,4027.45,15.6,4.9,49.0,273.0,11.1,1020.8,2024,12,11,11,35,4024.423333333338,2,3807.28,3741.08,3637.908333333333
2024-12-11 11:40:00,4056.47,15.6,4.9,49.0,273.0,11.1,1020.8,2024,12,11,11,40,4035.980000000005,2,3871.26,3752.7,3663.2191666666663
2024-12-11 11:45:00,4009.33,15.6,4.9,49.0,273.0,11.1,1020.8,2024,12,11,11,45,4031.083333333338,2,3869.34,3795.3,3692.710833333334
2024-12-11 11:50:00,4027.23,15.6,4.9,49.0,273.0,11.1,1020.8,2024,12,11,11,50,4031.010000000005,2,3905.1,3806.41,3723.539166666667
2024-12-11 11:55:00,3992.35,15.6,4.9,49.0,273.0,11.1,1020.8,2024,12,11,11,55,4009.6366666666713,2,3885.81,3828.57,3754.068333333333
2024-12-11 12:00:00,4008.45,15.6,4.9,49.0,273.0,11.1,1020.8,2024,12,11,12,0,4009.343333333338,2,3938.94,3862.01,3786.939166666667
2024-12-11 12:05:00,4047.01,15.6,4.9,49.0,273.0,11.1,1020.8,2024,12,11,12,5,4015.936666666672,2,3932.27,3885.2,3816.6649999999995
2024-12-11 12:10:00,4052.88,15.6,4.9,49.0,273.0,11.1,1020.8,2024,12,11,12,10,4036.1133333333382,2,3736.22,3857.49,3825.310833333333
2024-12-11 12:15:00,4001.0,15.6,4.9,49.0,273.0,11.1,1020.8,2024,12,11,12,15,4033.6300000000047,2,3973.91,3933.68,3850.1525
2024-12-11 12:20:00,4000.79,15.6,4.9,49.0,273.0,11.1,1020.8,2024,12,11,12,20,4018.2233333333384,2,3975.52,3907.51,3870.3566666666666
2024-12-11 12:25:00,4039.94,15.6,4.9,49.0,273.0,11.1,1020.8,2024,12,11,12,25,4013.910000000005,2,4003.34,3945.4,3888.6041666666674
2024-12-11 12:30:00,4001.76,16.8,4.5,44.0,278.0,11.1,1019.8,2024,12,11,12,30,4014.163333333338,2,3991.65,3916.79,3907.5533333333333
2024-12-11 12:35:00,4013.29,16.8,4.5,44.0,278.0,11.1,1019.8,2024,12,11,12,35,4018.330000000005,2,3985.0,3937.38,3922.3633333333332
2024-12-11 12:40:00,3998.94,16.8,4.5,44.0,278.0,11.1,1019.8,2024,12,11,12,40,4004.663333333338,2,3985.2,3953.21,3931.8583333333336
2024-12-11 12:45:00,3956.11,16.8,4.5,44.0,278.0,11.1,1019.8,2024,12,11,12,45,3989.446666666672,2,4006.26,3985.31,3943.2683333333334
2024-12-11 12:50:00,3924.68,16.8,4.5,44.0,278.0,11.1,1019.8,2024,12,11,12,50,3959.910000000005,2,4030.3,3949.24,3953.7016666666664
2024-12-11 12:55:00,3912.03,16.8,4.5,44.0,278.0,11.1,1019.8,2024,12,11,12,55,3930.9400000000046,2,3989.1,3991.65,3962.3091666666664
2024-12-11 13:00:00,3830.68,16.8,4.5,44.0,278.0,11.1,1019.8,2024,12,11,13,0,3889.1300000000047,2,4017.77,4023.96,3968.8783333333336
2024-12-11 13:05:00,3765.83,16.8,4.5,44.0,278.0,11.1,1019.8,2024,12,11,13,5,3836.1800000000057,2,3986.89,3961.09,3973.4300000000003
2024-12-11 13:10:00,3736.24,16.8,4.5,44.0,278.0,11.1,1019.8,2024,12,11,13,10,3777.583333333338,2,4055.64,3993.1,4000.0483333333336
2024-12-11 13:15:00,3750.36,16.8,4.5,44.0,278.0,11.1,1019.8,2024,12,11,13,15,3750.810000000005,2,3982.03,4020.27,4000.725
2024-12-11 13:20:00,3722.85,16.8,4.5,44.0,278.0,11.1,1019.8,2024,12,11,13,20,3736.4833333333386,2,4051.43,3983.3,4007.0508333333332
2024-12-11 13:25:00,3736.42,16.8,4.5,44.0,278.0,11.1,1019.8,2024,12,11,13,25,3736.5433333333385,2,4021.8,3995.68,4008.5891666666666
2024-12-11 13:30:00,3725.86,18.0,4.2,40.0,282.0,13.0,1018.8,2024,12,11,13,30,3728.376666666671,2,4024.02,4042.76,4011.286666666667
2024-12-11 13:35:00,3759.21,18.0,4.2,40.0,282.0,13.0,1018.8,2024,12,11,13,35,3740.496666666671,2,4027.45,4020.65,4014.8241666666668
2024-12-11 13:40:00,3770.43,18.0,4.2,40.0,282.0,13.0,1018.8,2024,12,11,13,40,3751.833333333338,2,4056.47,4052.91,4020.763333333333
2024-12-11 13:45:00,3801.41,18.0,4.2,40.0,282.0,13.0,1018.8,2024,12,11,13,45,3777.0166666666714,2,4009.33,4027.99,4021.0191666666665
2024-12-11 13:50:00,3799.42,18.0,4.2,40.0,282.0,13.0,1018.8,2024,12,11,13,50,3790.420000000005,2,4027.23,4028.24,4020.763333333334
2024-12-11 13:55:00,3798.13,18.0,4.2,40.0,282.0,13.0,1018.8,2024,12,11,13,55,3799.6533333333377,2,3992.35,4034.91,4021.034166666667
2024-12-11 14:00:00,3813.04,18.0,4.2,40.0,282.0,13.0,1018.8,2024,12,11,14,0,3803.5300000000047,2,4008.45,4030.37,4020.2574999999997
2024-12-11 14:05:00,3805.73,18.0,4.2,40.0,282.0,13.0,1018.8,2024,12,11,14,5,3805.633333333338,2,4047.01,4028.54,4025.2675
2024-12-11 14:10:00,3819.43,18.0,4.2,40.0,282.0,13.0,1018.8,2024,12,11,14,10,3812.7333333333386,2,4052.88,4053.53,4025.0375
2024-12-11 14:15:00,3836.66,18.0,4.2,40.0,282.0,13.0,1018.8,2024,12,11,14,15,3820.606666666672,2,4001.0,4029.91,4026.6183333333333
2024-12-11 14:20:00,3858.23,18.0,4.2,40.0,282.0,13.0,1018.8,2024,12,11,14,20,3838.106666666672,2,4000.79,4028.29,4022.398333333333
2024-12-11 14:25:00,3807.44,18.0,4.2,40.0,282.0,13.0,1018.8,2024,12,11,14,25,3834.1100000000047,2,4039.94,4016.93,4023.91
2024-12-11 14:30:00,3852.63,19.3,3.9,36.0,286.0,13.0,1017.8,2024,12,11,14,30,3839.433333333338,2,4001.76,3986.75,4022.0550000000003
2024-12-11 14:35:00,3639.89,19.3,3.9,36.0,286.0,13.0,1017.8,2024,12,11,14,35,3766.653333333338,2,4013.29,3922.58,4020.875
2024-12-11 14:40:00,3839.64,19.3,3.9,36.0,286.0,13.0,1017.8,2024,12,11,14,40,3777.3866666666713,2,3998.94,3921.27,4016.0808333333334
2024-12-11 14:45:00,3859.8,19.3,3.9,36.0,286.0,13.0,1017.8,2024,12,11,14,45,3779.776666666672,2,3956.11,3916.81,4011.6458333333335
2024-12-11 14:50:00,3861.93,19.3,3.9,36.0,286.0,13.0,1017.8,2024,12,11,14,50,3853.790000000005,2,3924.68,3917.78,4003.1
2024-12-11 14:55:00,3850.4,19.3,3.9,36.0,286.0,13.0,1017.8,2024,12,11,14,55,3857.376666666672,2,3912.03,3902.42,3996.4066666666663
2024-12-11 15:00:00,3863.71,19.3,3.9,36.0,286.0,13.0,1017.8,2024,12,11,15,0,3858.6800000000057,2,3830.68,3918.3,3981.5925
2024-12-11 15:05:00,3904.59,19.3,3.9,36.0,286.0,13.0,1017.8,2024,12,11,15,5,3872.900000000005,2,3765.83,3908.73,3958.1608333333334
2024-12-11 15:10:00,3867.73,19.3,3.9,36.0,286.0,13.0,1017.8,2024,12,11,15,10,3878.676666666672,2,3736.24,3930.67,3931.7741666666666
2024-12-11 15:15:00,3873.95,19.3,3.9,36.0,286.0,13.0,1017.8,2024,12,11,15,15,3882.090000000005,2,3750.36,3924.81,3910.8875000000003
2024-12-11 15:20:00,3896.6,19.3,3.9,36.0,286.0,13.0,1017.8,2024,12,11,15,20,3879.4266666666713,2,3722.85,3936.93,3887.7258333333334
2024-12-11 15:25:00,3880.42,19.3,3.9,36.0,286.0,13.0,1017.8,2024,12,11,15,25,3883.656666666672,2,3736.42,3929.22,3862.4325000000003
2024-12-11 15:30:00,3854.03,18.6,4.7,40.0,283.0,11.1,1017.7,2024,12,11,15,30,3877.0166666666714,2,3725.86,3973.16,3839.4408333333326
2024-12-11 15:35:00,3924.33,18.6,4.7,40.0,283.0,11.1,1017.7,2024,12,11,15,35,3886.260000000005,2,3759.21,3990.3,3818.2675000000004
2024-12-11 15:40:00,3863.06,18.6,4.7,40.0,283.0,11.1,1017.7,2024,12,11,15,40,3880.4733333333384,2,3770.43,3975.31,3799.225
2024-12-11 15:45:00,3851.52,18.6,4.7,40.0,283.0,11.1,1017.7,2024,12,11,15,45,3879.6366666666713,2,3801.41,3978.69,3786.3333333333335
2024-12-11 15:50:00,3886.82,18.6,4.7,40.0,283.0,11.1,1017.7,2024,12,11,15,50,3867.133333333338,2,3799.42,3989.47,3775.895
2024-12-11 15:55:00,3884.5,18.6,4.7,40.0,283.0,11.1,1017.7,2024,12,11,15,55,3874.2800000000047,2,3798.13,3997.39,3766.4033333333336
2024-12-11 16:00:00,3825.39,18.6,4.7,40.0,283.0,11.1,1017.7,2024,12,11,16,0,3865.5700000000047,2,3813.04,4012.86,3764.933333333333
2024-12-11 16:05:00,3863.78,18.6,4.7,40.0,283.0,11.1,1017.7,2024,12,11,16,5,3857.890000000005,2,3805.73,3992.13,3768.258333333333
2024-12-11 16:10:00,3836.46,18.6,4.7,40.0,283.0,11.1,1017.7,2024,12,11,16,10,3841.876666666672,2,3819.43,3996.1,3775.1908333333336
2024-12-11 16:15:00,3847.75,18.6,4.7,40.0,283.0,11.1,1017.7,2024,12,11,16,15,3849.3300000000054,2,3836.66,4007.75,3782.3824999999997
2024-12-11 16:20:00,3867.82,18.6,4.7,40.0,283.0,11.1,1017.7,2024,12,11,16,20,3850.676666666672,2,3858.23,3979.62,3793.664166666667
2024-12-11 16:25:00,3836.12,18.6,4.7,40.0,283.0,11.1,1017.7,2024,12,11,16,25,3850.5633333333385,2,3807.44,3986.4,3799.5825000000004
2024-12-11 16:30:00,3835.28,17.9,5.5,44.0,280.0,9.3,1017.5,2024,12,11,16,30,3846.406666666672,2,3852.63,4036.66,3810.146666666667
2024-12-11 16:35:00,3854.63,17.9,5.5,44.0,280.0,9.3,1017.5,2024,12,11,16,35,3842.010000000005,2,3639.89,4024.23,3800.203333333333
2024-12-11 16:40:00,3839.15,17.9,5.5,44.0,280.0,9.3,1017.5,2024,12,11,16,40,3843.020000000005,2,3839.64,4032.44,3805.970833333333
2024-12-11 16:45:00,3833.67,17.9,5.5,44.0,280.0,9.3,1017.5,2024,12,11,16,45,3842.4833333333386,2,3859.8,4024.03,3810.8366666666666
2024-12-11 16:50:00,3880.9,17.9,5.5,44.0,280.0,9.3,1017.5,2024,12,11,16,50,3851.240000000005,2,3861.93,4024.76,3816.0458333333336
2024-12-11 16:55:00,3852.95,17.9,5.5,44.0,280.0,9.3,1017.5,2024,12,11,16,55,3855.840000000005,2,3850.4,4035.76,3820.4016666666666
2024-12-11 17:00:00,3905.18,17.9,5.5,44.0,280.0,9.3,1017.5,2024,12,11,17,0,3879.676666666672,2,3863.71,3981.36,3824.6241666666665
2024-12-11 17:05:00,3933.73,17.9,5.5,44.0,280.0,9.3,1017.5,2024,12,11,17,5,3897.286666666672,2,3904.59,3991.03,3832.8624999999997
2024-12-11 17:10:00,3929.17,17.9,5.5,44.0,280.0,9.3,1017.5,2024,12,11,17,10,3922.693333333338,2,3867.73,3990.22,3836.8875000000003
2024-12-11 17:15:00,3984.31,17.9,5.5,44.0,280.0,9.3,1017.5,2024,12,11,17,15,3949.0700000000047,2,3873.95,3946.73,3839.9950000000003
2024-12-11 17:20:00,3966.48,17.9,5.5,44.0,280.0,9.3,1017.5,2024,12,11,17,20,3959.986666666671,2,3896.6,3975.74,3843.1924999999997
2024-12-11 17:25:00,4014.07,17.9,5.5,44.0,280.0,9.3,1017.5,2024,12,11,17,25,3988.286666666672,2,3880.42,3908.99,3849.2741666666666
2024-12-11 17:30:00,4014.48,17.2,6.4,49.0,274.0,7.4,1017.3,2024,12,11,17,30,3998.3433333333383,2,3854.03,3901.68,3849.3908333333334
2024-12-11 17:35:00,4100.65,17.2,6.4,49.0,274.0,7.4,1017.3,2024,12,11,17,35,4043.066666666672,2,3924.33,3921.45,3873.094166666667
2024-12-11 17:40:00,4075.02,17.2,6.4,49.0,274.0,7.4,1017.3,2024,12,11,17,40,4063.383333333338,2,3863.06,3889.08,3875.0458333333336
2024-12-11 17:45:00,4140.42,17.2,6.4,49.0,274.0,7.4,1017.3,2024,12,11,17,45,4105.363333333338,2,3851.52,3897.0,3874.355833333333
2024-12-11 17:50:00,4139.99,17.2,6.4,49.0,274.0,7.4,1017.3,2024,12,11,17,50,4118.476666666672,2,3886.82,3868.56,3876.43
2024-12-11 17:55:00,4120.71,17.2,6.4,49.0,274.0,7.4,1017.3,2024,12,11,17,55,4133.7066666666715,2,3884.5,3850.36,3879.271666666666
2024-12-11 18:00:00,4137.21,17.2,6.4,49.0,274.0,7.4,1017.3,2024,12,11,18,0,4132.636666666672,2,3825.39,3817.81,3876.078333333333
2024-12-11 18:05:00,4136.98,17.2,6.4,49.0,274.0,7.4,1017.3,2024,12,11,18,5,4131.633333333338,2,3863.78,3813.03,3872.6775000000002
2024-12-11 18:10:00,4113.78,17.2,6.4,49.0,274.0,7.4,1017.3,2024,12,11,18,10,4129.323333333338,2,3836.46,3787.31,3870.0716666666667
2024-12-11 18:15:00,4092.91,17.2,6.4,49.0,274.0,7.4,1017.3,2024,12,11,18,15,4114.556666666671,2,3847.75,3770.29,3867.888333333334
2024-12-11 18:20:00,4160.21,17.2,6.4,49.0,274.0,7.4,1017.3,2024,12,11,18,20,4122.300000000004,2,3867.82,3753.02,3865.4900000000002
2024-12-11 18:25:00,4102.17,17.2,6.4,49.0,274.0,7.4,1017.3,2024,12,11,18,25,4118.430000000005,2,3836.12,3727.57,3861.7983333333327
2024-12-11 18:30:00,4070.81,16.0,6.4,53.0,271.0,7.4,1017.9,2024,12,11,18,30,4111.063333333338,2,3835.28,3754.52,3860.2358333333336
2024-12-11 18:35:00,4075.49,16.0,6.4,53.0,271.0,7.4,1017.9,2024,12,11,18,35,4082.823333333338,2,3854.63,3749.45,3854.4275
2024-12-11 18:40:00,4059.91,16.0,6.4,53.0,271.0,7.4,1017.9,2024,12,11,18,40,4068.736666666671,2,3839.15,3737.65,3852.435
2024-12-11 18:45:00,4065.94,16.0,6.4,53.0,271.0,7.4,1017.9,2024,12,11,18,45,4067.1133333333382,2,3833.67,3692.32,3850.9475
2024-12-11 18:50:00,4043.73,16.0,6.4,53.0,271.0,7.4,1017.9,2024,12,11,18,50,4056.526666666672,2,3880.9,3735.68,3850.454166666667
2024-12-11 18:55:00,4004.33,16.0,6.4,53.0,271.0,7.4,1017.9,2024,12,11,18,55,4038.000000000005,2,3852.95,3682.7,3847.8250000000003
2024-12-11 19:00:00,4005.6,16.0,6.4,53.0,271.0,7.4,1017.9,2024,12,11,19,0,4017.8866666666713,2,3905.18,3674.51,3854.474166666667
2024-12-11 19:05:00,3979.26,16.0,6.4,53.0,271.0,7.4,1017.9,2024,12,11,19,5,3996.396666666671,2,3933.73,3736.35,3860.3033333333333
2024-12-11 19:10:00,3951.89,16.0,6.4,53.0,271.0,7.4,1017.9,2024,12,11,19,10,3978.916666666671,2,3929.17,3692.62,3868.0291666666667
2024-12-11 19:15:00,3939.68,16.0,6.4,53.0,271.0,7.4,1017.9,2024,12,11,19,15,3956.9433333333377,2,3984.31,3690.35,3879.4091666666664
2024-12-11 19:20:00,3919.03,16.0,6.4,53.0,271.0,7.4,1017.9,2024,12,11,19,20,3936.866666666671,2,3966.48,3680.25,3887.630833333333
2024-12-11 19:25:00,3905.46,16.0,6.4,53.0,271.0,7.4,1017.9,2024,12,11,19,25,3921.390000000005,2,4014.07,3687.81,3902.4600000000005
2024-12-11 19:30:00,3887.63,14.8,6.6,58.0,267.0,5.5,1018.4,2024,12,11,19,30,3904.040000000005,2,4014.48,3719.86,3917.3933333333334
2024-12-11 19:35:00,3850.77,14.8,6.6,58.0,267.0,5.5,1018.4,2024,12,11,19,35,3881.286666666671,2,4100.65,3732.38,3937.895
2024-12-11 19:40:00,3787.17,14.8,6.6,58.0,267.0,5.5,1018.4,2024,12,11,19,40,3841.856666666672,2,4075.02,3756.09,3957.5508333333332
2024-12-11 19:45:00,3868.09,14.8,6.6,58.0,267.0,5.5,1018.4,2024,12,11,19,45,3835.343333333338,2,4140.42,3774.04,3983.1133333333332
2024-12-11 19:50:00,3787.17,14.8,6.6,58.0,267.0,5.5,1018.4,2024,12,11,19,50,3814.1433333333384,2,4139.99,3772.84,4004.7041666666664
2024-12-11 19:55:00,3779.78,14.8,6.6,58.0,267.0,5.5,1018.4,2024,12,11,19,55,3811.680000000005,2,4120.71,3775.88,4027.0175
2024-12-11 20:00:00,3737.59,14.8,6.6,58.0,267.0,5.5,1018.4,2024,12,11,20,0,3768.180000000005,2,4137.21,3793.25,4046.353333333334
2024-12-11 20:05:00,3677.51,14.8,6.6,58.0,267.0,5.5,1018.4,2024,12,11,20,5,3731.626666666671,2,4136.98,3729.62,4063.290833333333
2024-12-11 20:10:00,3660.12,14.8,6.6,58.0,267.0,5.5,1018.4,2024,12,11,20,10,3691.740000000005,2,4113.78,3724.89,4078.6749999999997
2024-12-11 20:15:00,3621.72,14.8,6.6,58.0,267.0,5.5,1018.4,2024,12,11,20,15,3653.116666666671,2,4092.91,3699.76,4087.7250000000004
2024-12-11 20:20:00,3609.92,14.8,6.6,58.0,267.0,5.5,1018.4,2024,12,11,20,20,3630.586666666671,2,4160.21,3701.62,4103.869166666666
2024-12-11 20:25:00,3561.6,14.8,6.6,58.0,267.0,5.5,1018.4,2024,12,11,20,25,3597.746666666671,2,4102.17,3723.93,4111.2108333333335
2024-12-11 20:30:00,3581.31,13.6,6.7,63.0,261.0,3.7,1018.9,2024,12,11,20,30,3584.2766666666707,2,4070.81,3709.83,4115.905
2024-12-11 20:35:00,3488.24,13.6,6.7,63.0,261.0,3.7,1018.9,2024,12,11,20,35,3543.716666666671,2,4075.49,3672.76,4113.808333333333
2024-12-11 20:40:00,3510.56,13.6,6.7,63.0,261.0,3.7,1018.9,2024,12,11,20,40,3526.703333333338,2,4059.91,3691.49,4112.549166666667
2024-12-11 20:45:00,3490.77,13.6,6.7,63.0,261.0,3.7,1018.9,2024,12,11,20,45,3496.523333333338,2,4065.94,3678.81,4106.3425
2024-12-11 20:50:00,3467.86,13.6,6.7,63.0,261.0,3.7,1018.9,2024,12,11,20,50,3489.730000000005,2,4043.73,3625.56,4098.320833333333
2024-12-11 20:55:00,3446.53,13.6,6.7,63.0,261.0,3.7,1018.9,2024,12,11,20,55,3468.3866666666713,2,4004.33,3643.32,4088.6225
2024-12-11 21:00:00,3402.37,13.6,6.7,63.0,261.0,3.7,1018.9,2024,12,11,21,0,3438.920000000004,2,4005.6,3628.73,4077.6549999999993
2024-12-11 21:05:00,3348.17,13.6,6.7,63.0,261.0,3.7,1018.9,2024,12,11,21,5,3399.023333333338,2,3979.26,3578.87,4064.5116666666668
2024-12-11 21:10:00,3311.41,13.6,6.7,63.0,261.0,3.7,1018.9,2024,12,11,21,10,3353.9833333333377,2,3951.89,3571.7,4051.0208333333335
2024-12-11 21:15:00,3297.0,13.6,6.7,63.0,261.0,3.7,1018.9,2024,12,11,21,15,3318.860000000004,2,3939.68,3572.2,4038.2516666666666
2024-12-11 21:20:00,3362.2,13.6,6.7,63.0,261.0,3.7,1018.9,2024,12,11,21,20,3323.536666666671,2,3919.03,3570.4,4018.153333333333
2024-12-11 21:25:00,3325.38,13.6,6.7,63.0,261.0,3.7,1018.9,2024,12,11,21,25,3328.1933333333377,2,3905.46,3552.25,4001.7608333333333
2024-12-11 21:30:00,3317.23,13.1,6.7,65.0,263.0,3.7,1019.0,2024,12,11,21,30,3334.9366666666715,2,3887.63,3589.31,3986.495833333334
2024-12-11 21:35:00,3327.74,13.1,6.7,65.0,263.0,3.7,1019.0,2024,12,11,21,35,3323.4500000000044,2,3850.77,3569.96,3967.7691666666665
2024-12-11 21:40:00,3313.47,13.1,6.7,65.0,263.0,3.7,1019.0,2024,12,11,21,40,3319.480000000005,2,3787.17,3586.03,3945.040833333333
2024-12-11 21:45:00,3326.22,13.1,6.7,65.0,263.0,3.7,1019.0,2024,12,11,21,45,3322.476666666671,2,3868.09,3539.28,3928.5533333333333
2024-12-11 21:50:00,3240.94,13.1,6.7,65.0,263.0,3.7,1019.0,2024,12,11,21,50,3293.543333333338,2,3787.17,3571.82,3907.1733333333336
2024-12-11 21:55:00,3254.76,13.1,6.7,65.0,263.0,3.7,1019.0,2024,12,11,21,55,3273.9733333333375,2,3779.78,3584.06,3888.460833333333
2024-12-11 22:00:00,3246.7,13.1,6.7,65.0,263.0,3.7,1019.0,2024,12,11,22,0,3247.4666666666712,2,3737.59,3590.7,3866.126666666667
2024-12-11 22:05:00,3206.83,13.1,6.7,65.0,263.0,3.7,1019.0,2024,12,11,22,5,3236.0966666666714,2,3677.51,3588.08,3840.9808333333335
2024-12-11 22:10:00,3195.14,13.1,6.7,65.0,263.0,3.7,1019.0,2024,12,11,22,10,3216.2233333333375,2,3660.12,3612.93,3816.6666666666665
2024-12-11 22:15:00,3181.27,13.1,6.7,65.0,263.0,3.7,1019.0,2024,12,11,22,15,3194.4133333333375,2,3621.72,3628.01,3790.17
2024-12-11 22:20:00,3159.38,13.1,6.7,65.0,263.0,3.7,1019.0,2024,12,11,22,20,3178.5966666666714,2,3609.92,3631.09,3764.4108333333334
2024-12-11 22:25:00,3152.87,13.1,6.7,65.0,263.0,3.7,1019.0,2024,12,11,22,25,3164.5066666666717,2,3561.6,3677.85,3735.755833333333
2024-12-11 22:30:00,3119.45,12.7,6.7,67.0,265.0,3.7,1019.2,2024,12,11,22,30,3143.9000000000046,2,3581.31,3653.14,3710.2291666666665
2024-12-11 22:35:00,3155.78,12.7,6.7,67.0,265.0,3.7,1019.2,2024,12,11,22,35,3142.7000000000044,2,3488.24,3680.89,3680.0183333333334
2024-12-11 22:40:00,3123.98,12.7,6.7,67.0,265.0,3.7,1019.2,2024,12,11,22,40,3133.0700000000047,2,3510.56,3662.88,3656.9675
2024-12-12 00:00:00,2223.09,12.3,6.8,69.0,269.0,1.8,1019.4,2024,12,12,0,0,2834.283333333338,3,3490.77,3711.12,3625.5241666666666
2024-12-12 00:05:00,2154.75,12.3,6.8,69.0,269.0,1.8,1019.4,2024,12,12,0,5,2500.606666666671,3,3467.86,3712.63,3598.9150000000004
2024-12-12 00:10:00,2146.84,12.3,6.8,69.0,269.0,1.8,1019.4,2024,12,12,0,10,2174.893333333338,3,3446.53,3716.93,3571.144166666667
2024-12-12 00:15:00,2116.66,12.3,6.8,69.0,269.0,1.8,1019.4,2024,12,12,0,15,2139.416666666671,3,3402.37,3739.77,3543.209166666666
2024-12-12 00:20:00,2082.77,12.3,6.8,69.0,269.0,1.8,1019.4,2024,12,12,0,20,2115.4233333333377,3,3348.17,3739.81,3515.7641666666664
2024-12-12 00:25:00,2059.17,12.3,6.8,69.0,269.0,1.8,1019.4,2024,12,12,0,25,2086.2000000000044,3,3311.41,3727.07,3486.705
2024-12-12 00:30:00,2049.66,12.3,6.8,69.0,269.0,1.8,1019.4,2024,12,12,0,30,2063.866666666671,3,3297.0,3794.74,3459.645
